,TEMPLATE_ID,FRAME,FACE_X,FACE_Y,FACE_WIDTH,FACE_HEIGHT,FD_SCORE,UF_SCORE,YAW,ROLL,PITCH,P1X,P1Y,VIS1,P2X,P2Y,VIS2,P3X,P3Y,VIS3,P4X,P4Y,VIS4,P5X,P5Y,VIS5,P6X,P6Y,VIS6,P7X,P7Y,VIS7,P8X,P8Y,VIS8,P9X,P9Y,VIS9,P10X,P10Y,VIS10,P11X,P11Y,VIS11,P12X,P12Y,VIS12,P13X,P13Y,VIS13,P14X,P14Y,VIS14,P15X,P15Y,VIS15,P16X,P16Y,VIS16,P17X,P17Y,VIS17,P18X,P18Y,VIS18,P19X,P19Y,VIS19,P20X,P20Y,VIS20,P21X,P21Y,VIS21,identity,file
0,0,0,42.31216,62.552856000000006,319.28109700000005,404.924103,0.999933,0.999933,2.0,3.0,-19.0,91.745338,228.222061,0.85162,122.648109,223.533691,0.896864,157.084427,227.555298,0.915235,224.5495,223.91525299999998,0.8948440000000001,258.911102,215.68112200000002,0.835325,290.04812599999997,215.359161,0.7679630000000001,109.711853,249.582916,0.9933040000000001,134.37918100000002,247.960815,0.988099,157.60690300000002,249.081116,1.0167110000000001,231.700958,245.589066,0.9952719999999999,256.036133,241.11319,0.97626,279.76635699999997,239.56121800000003,0.967144,68.90541800000001,303.129608,0.331758,167.592972,321.665527,0.968066,199.27873200000002,325.791748,0.9927290000000001,231.036774,318.817993,0.988513,334.838013,288.88501,0.250922,160.646057,373.310944,1.0017479999999999,204.737122,375.295532,0.9771540000000001,246.929688,367.970856,1.008167,211.804306,444.557159,0.59275,1,8
1,1,0,53.53226899999999,0.0,271.257538,294.521545,1.0,1.0,-1.0,0.0,-4.0,105.50183100000001,56.384315,0.959435,134.174133,45.700455,0.8700459999999999,166.514252,48.512482,0.882131,226.47727999999998,50.063598999999996,0.9009780000000001,257.160431,46.721722,0.897818,281.502899,54.487503000000004,0.9394979999999999,121.40650900000001,76.937866,0.9857379999999999,143.32428000000002,74.474251,0.974297,164.02711499999998,76.019638,0.956958,228.71205099999997,77.376846,0.968563,249.417145,75.193436,0.9835209999999999,268.854736,77.324867,0.998619,76.168617,155.520782,1.037823,169.003189,136.244949,0.9866440000000001,200.908875,137.915527,0.997009,226.174789,137.423767,0.9597100000000001,302.18786600000004,157.097549,0.869258,150.975906,186.812469,0.988909,198.481339,191.905167,0.987454,240.64167799999998,186.666626,1.0033889999999999,199.100967,271.901459,0.8804700000000001,3,7
2,2,0,28.665990999999998,55.656601,52.883339,58.178261,0.6305310000000001,0.6305310000000001,37.0,-21.0,-6.0,34.418362,79.343552,0.23282399999999998,37.146435,78.07871999999999,0.358835,40.647919,78.557098,0.45095100000000005,48.88105,78.276634,0.646357,53.346821,77.611343,0.6270220000000001,57.766766000000004,78.791084,0.54125,36.399586,84.027107,0.338346,39.021351,83.857155,0.40522600000000003,41.535365999999996,83.915352,0.363452,50.670044,83.875923,0.41261899999999996,53.304489000000004,83.64308199999999,0.690996,56.684532,83.66622199999999,0.648814,32.439693,96.69162800000001,0.14188699999999999,42.454235,93.01326,0.47354300000000005,44.372025,91.332916,0.891762,49.227740999999995,93.09684,0.801938,70.176727,96.24904599999999,0.35641100000000003,42.573338,100.624771,0.509152,46.476826,100.133865,0.8412649999999999,51.670246,100.627647,0.795822,48.494246999999994,110.541817,0.609146,3,7
3,3,0,25.595444,0.0,284.257446,279.307098,0.9999979999999999,0.9999979999999999,1.0,0.0,-6.0,76.091003,46.670063,0.904667,103.621201,38.074295,0.9257139999999999,134.730591,41.708038,0.951724,194.966263,42.238045,0.950471,226.25059500000003,38.125370000000004,0.907058,252.731506,44.670113,0.878659,91.666962,67.85804,0.997242,113.64198300000001,65.83113900000001,0.99039,133.486771,67.511147,0.9744079999999999,198.743729,68.311066,0.966362,219.537704,65.86174799999999,0.987361,240.00852999999998,67.38679499999999,0.985492,49.280559999999994,139.92361499999998,0.5859,136.344635,126.103241,0.941868,166.171097,131.02221699999998,0.993384,195.600662,126.619629,0.9387260000000001,286.131714,140.528076,0.655759,118.406929,170.665497,0.9877290000000001,167.524948,179.318405,0.980984,215.476425,170.092026,0.982,168.696854,257.376831,0.9224549999999999,7,5
4,4,0,20.43927,0.0,315.71756,308.02545200000003,0.999994,0.999994,-2.0,3.0,-13.0,76.263077,55.97180899999999,0.9797959999999999,107.530251,47.760883,0.9909110000000001,141.740372,49.006203,0.982483,208.085556,46.954777,0.961685,241.279709,42.453941,0.935066,269.835266,45.440556,0.8793489999999999,94.357452,71.945229,1.0122229999999999,118.261871,68.966858,0.982361,139.90097,68.872284,0.9919530000000001,214.082016,66.597786,0.9788870000000001,236.64002999999997,63.950588,0.96952,257.82959,64.032623,0.977367,46.895908,142.245544,0.384366,147.318604,131.251724,0.9758379999999999,183.088943,141.909073,0.99323,215.34646600000002,129.44491599999998,0.945892,309.86038199999996,131.888306,0.380263,129.107315,184.378296,0.949772,185.695999,193.352692,0.921414,238.740265,178.836182,0.94501,190.36033600000002,283.882599,0.600568,13,10
5,5,0,36.469044,0.0,305.395782,311.404602,0.999992,0.999992,5.0,-1.0,-10.0,84.561462,47.187145,0.728222,114.92168400000001,39.619343,0.726195,149.35759,45.289764,0.772782,215.862778,47.248371,0.762249,251.660934,42.205681,0.70754,282.28241,48.650406,0.784139,101.421844,71.63664200000001,0.949369,125.385521,70.296471,0.965292,148.46373,73.17759699999999,0.9558040000000001,220.140427,75.629799,0.9448780000000001,244.82156400000002,72.73629,0.96678,268.099518,74.645409,0.9565959999999999,61.83824499999999,144.867355,0.536956,150.842346,146.529892,0.907222,180.78038,149.393234,0.985597,212.96511800000002,148.617477,0.973701,315.530273,151.779785,1.13931,137.170624,201.45755,0.978643,182.42396499999998,206.552216,0.9817739999999999,227.24838300000002,203.519073,0.986266,183.323105,286.696838,0.54333,17,3
6,6,0,29.555906,0.0,329.358337,456.836792,1.0,1.0,-1.0,2.0,4.0,79.34569499999999,181.642944,0.9121379999999999,112.117203,165.159683,0.964037,152.521942,168.521591,0.978931,229.51236,168.56282,0.9860540000000001,269.411316,162.886169,0.975577,302.262451,174.990128,0.932047,100.044563,211.81777999999997,0.973403,127.935249,207.88414,0.981008,153.83824199999998,209.81036400000002,0.953622,232.488419,209.361725,0.9659909999999999,259.05169700000005,205.91403200000002,0.992442,285.402283,208.680496,0.991959,57.040749,322.241516,0.8568180000000001,162.370514,280.995453,0.9474309999999999,195.073105,269.066864,0.9994200000000001,225.73162799999997,280.602509,0.9390879999999999,331.47119100000003,316.557404,0.772087,147.777466,343.371521,0.9633010000000001,196.968323,340.762939,0.983017,242.60459900000004,341.887207,0.98095,199.33956899999998,430.11401399999994,0.77792,18,10
7,7,0,22.544701,0.0,296.36145,305.56897000000004,0.999999,0.999999,-2.0,-1.0,-3.0,74.667114,46.703018,0.789992,106.63020300000001,35.135445000000004,0.699501,143.62614399999998,41.384422,0.7926979999999999,213.98509199999998,44.360176,0.860532,249.424759,39.046196,0.779697,277.284302,48.191116,0.697656,92.514709,76.507988,0.9963129999999999,118.22661599999999,75.071472,0.99425,142.602402,78.725266,1.002541,214.124985,81.32781999999999,0.997525,238.35171499999998,77.848045,1.009008,261.868988,80.178345,0.9574090000000001,47.379326,158.6604,0.669723,148.587845,148.779236,0.9917370000000001,181.780609,145.16931200000002,0.9955299999999999,208.396042,150.660156,0.9377469999999999,294.221893,163.585892,0.43080100000000005,132.920563,201.753784,0.970251,179.99658200000002,204.972443,0.970433,221.291473,202.866577,0.9832879999999999,178.787979,280.9841,0.76188,20,7
8,8,0,1.189019,0.0,325.207275,316.133759,0.999999,0.999999,-9.0,-2.0,-11.0,79.39534,48.512444,0.908191,112.733681,40.724838,0.934423,147.720047,46.295929,0.943725,212.92759700000002,50.536209,0.947651,246.234436,47.281284,0.95125,272.26620499999996,54.270809,0.84195,95.419395,72.27845,0.9491040000000001,119.78476699999999,71.336479,0.9606879999999999,142.22460900000002,73.97045899999999,0.92653,214.59761,78.116089,0.9422860000000001,236.45130899999998,76.61595200000001,0.9715860000000001,258.11441,78.779976,0.966258,31.317057000000002,146.46623200000002,0.742116,145.828323,142.66008,0.927114,182.87261999999998,149.791992,0.991343,210.25123599999998,146.367188,0.868533,299.570923,158.744186,0.427361,122.319946,194.676743,0.936629,176.211884,204.804886,0.962198,223.476593,198.286926,0.9572870000000001,174.17205800000002,291.096588,0.660272,33,8
9,9,0,304.63894700000003,29.189369,30.361053000000002,60.318481000000006,0.22261999999999998,0.32724699999999995,22.0,-8.0,-9.0,317.288849,52.58535,0.39098299999999997,320.525848,51.951767,0.557275,323.645966,53.170349,0.634049,329.43008399999997,54.327892000000006,0.595908,332.852722,54.12545,0.5140779999999999,335.16452000000004,55.570781999999994,0.357623,318.212891,56.796738,0.545042,320.487427,57.08695600000001,0.643131,322.48443599999996,57.505753000000006,0.5186850000000001,329.59256,58.872742,0.44584300000000004,331.4487,58.980465,0.590493,333.7229,59.545646999999995,0.480574,307.952271,66.75293,0.260627,321.539001,66.786591,0.627456,324.62548799999996,66.765289,0.895381,327.384552,67.855492,0.533949,341.085571,72.444855,0.12317,318.932861,73.770226,0.6634140000000001,323.354248,74.777878,0.843792,327.27493300000003,75.46578199999999,0.60188,321.79235800000004,86.09365799999999,0.597458,33,8
10,10,0,19.918362,0.754341,309.66540499999996,436.06509400000004,1.0,1.0,1.0,2.0,-2.0,69.480255,181.719772,0.952889,99.489616,169.26442,0.938973,135.26281699999998,171.708542,0.948825,202.418015,170.763031,0.9413870000000001,237.68357799999998,165.312332,0.922336,267.553131,173.227982,0.88575,88.241562,205.28276100000002,0.9345540000000001,112.78839099999999,201.760254,0.944644,135.583038,202.951202,0.903407,207.419373,201.745895,0.898149,230.88324,198.53642299999998,0.9524739999999999,253.98074300000002,200.032928,0.930594,45.720535,295.979065,1.0700889999999998,143.380142,269.88797,0.915307,174.454453,266.701752,0.986403,204.214783,268.94491600000003,0.8967459999999999,303.742279,288.489685,0.981866,129.175903,326.153687,0.9440139999999999,177.296768,327.492889,0.979772,222.65219100000002,323.31134,0.955572,181.741989,412.136963,0.60478,37,2
11,11,0,37.739544,0.305751,303.092804,447.465057,1.0,1.0,4.0,5.0,4.0,71.826317,197.292786,0.952723,99.764214,182.001602,0.964525,135.854416,181.966461,0.9729760000000001,206.020493,176.46336399999998,0.98319,242.57605,169.165741,0.97255,274.739716,177.197708,0.9673950000000001,91.754929,221.05049100000002,0.976339,116.401878,215.76268,0.9754309999999999,139.709564,215.553818,0.955297,212.690277,210.018402,0.9607950000000001,237.57110600000001,205.26928700000002,0.991499,261.682404,206.01376299999998,0.98926,62.94611,320.835571,0.90671,148.455063,280.325592,0.9436690000000001,177.240387,272.625397,1.003479,210.15458700000002,275.683136,0.9645799999999999,315.011749,299.929688,0.995482,137.109207,338.299347,0.9729959999999999,185.03331,336.120575,0.9912780000000001,232.54022200000003,330.258179,0.990418,193.516983,422.44308499999994,0.583435,37,5
12,12,0,0.0,0.0,341.869507,475.01135300000004,1.0,1.0,-10.0,6.0,3.0,41.270386,194.637573,0.7855979999999999,79.28183,176.606049,0.909682,123.999168,176.570694,0.925401,206.408936,171.547318,0.9376680000000001,246.16290299999997,163.495789,0.929586,277.689331,171.517654,0.80703,65.162575,220.84875499999998,0.9178799999999999,95.682777,215.338287,0.930124,123.47663899999999,214.93446400000002,0.9109719999999999,210.131332,208.690521,0.921931,236.35856600000002,203.85144,0.952099,263.33486899999997,204.052414,0.94337,4.784801,331.023071,0.17826,138.949997,284.759766,0.901443,183.827698,279.710632,0.9805010000000001,214.76200899999998,279.64013700000004,0.867226,311.225433,305.896118,0.35635300000000003,116.199028,346.317535,0.9184559999999999,183.68103,347.49206499999997,0.956501,239.13765,335.664307,0.951266,192.443817,446.691742,0.719841,42,3
13,13,0,32.914238,0.0,307.853088,309.78558300000003,1.0,1.0,-4.0,5.0,-16.0,83.08563199999999,62.382416000000006,0.884193,115.830849,52.160767,0.950832,154.645264,57.260780000000004,0.972484,225.07102999999998,53.81459,0.946175,260.51403799999997,43.390522,0.8715120000000001,290.322632,46.575539,0.697775,104.134323,87.637123,0.9825649999999999,130.50950600000002,84.64245600000001,0.980716,155.403107,87.208336,0.971526,227.501221,83.544205,0.9769559999999999,251.855362,76.930267,0.9892479999999999,276.09527599999996,76.42918399999999,0.959585,59.140354,156.14353899999998,0.588079,165.00706499999998,157.024826,0.977533,201.43551599999998,162.21933,0.9982120000000001,229.45855699999998,153.076065,0.9032290000000001,315.16488599999997,140.34806799999998,0.26426900000000003,145.073593,201.487045,0.997189,201.986053,209.91075099999998,0.989851,250.95932000000002,194.354568,0.9946290000000001,207.324448,285.567841,0.549388,46,6
14,14,0,47.030196999999994,0.0,278.670166,287.89950600000003,0.999999,0.999999,2.0,1.0,-6.0,95.54843100000001,56.848774,0.941875,123.293755,46.993214,0.9556709999999999,155.03624,50.159896999999994,0.969542,214.899918,50.741821,0.975874,246.58566299999998,46.636982,0.9596450000000001,273.24206499999997,53.992302,0.918753,111.14910900000001,78.7985,0.97314,133.251465,76.468102,0.9778700000000001,153.720581,77.91019399999999,0.963566,218.65029900000002,78.518776,0.9766360000000001,239.84754900000001,76.27198800000001,0.9934719999999999,260.581635,78.141052,0.990663,70.24092900000001,157.171555,0.726795,158.638046,139.600983,0.933219,186.72753899999998,135.925644,0.9984639999999999,213.25877400000002,140.22436499999998,0.9457479999999999,302.34826699999996,157.931244,0.52198,146.41806,191.187332,0.966082,187.155853,191.61998,0.978917,225.610916,191.041672,0.984634,187.99491899999998,265.966553,0.62703,50,10
15,15,0,10.143622,0.0,372.856384,497.30816699999997,1.0,1.0,4.0,4.0,-12.0,54.47199200000001,193.292664,0.65825,89.347992,181.10728500000002,0.928681,133.22468600000002,186.20137,0.9632350000000001,217.524429,179.854996,0.9855,262.07193,167.145294,0.981527,303.02056899999997,171.520615,0.9343520000000001,79.225601,224.159164,0.922985,109.981407,219.96286,0.970558,138.181076,222.05011000000002,0.956311,225.463181,216.45173599999998,0.97695,256.18335,208.623871,0.977018,286.31237799999997,207.902695,0.98713,41.419743,313.30328399999996,0.276025,147.140823,307.020782,0.895752,183.408844,311.335785,0.9942850000000001,224.565567,301.079437,0.9620219999999999,354.180939,290.999054,0.545614,130.28149399999998,363.332886,0.9597700000000001,193.842117,371.839325,0.98264,257.708618,353.769714,0.9891629999999999,203.276962,467.29336500000005,0.886964,55,7
16,16,0,26.308201,0.0,291.640656,290.35974100000004,0.9999969999999999,0.9999969999999999,-1.0,-1.0,-9.0,82.23716,41.936642,0.902473,112.68962900000001,33.038952,0.84931,145.832001,36.116257,0.874626,210.15013100000002,38.851859999999995,0.8998290000000001,242.680038,36.534878000000006,0.857442,269.138763,43.607693,0.744521,98.11640899999999,61.696906999999996,0.9730209999999999,121.20253000000001,59.691624,0.966398,142.673996,61.241325,0.9530629999999999,212.83728,63.82671,0.944372,235.01055899999997,62.506947,0.955492,255.563385,64.756622,0.9067290000000001,50.645515,138.654434,0.793691,147.047195,123.283501,0.960674,179.957809,127.415047,0.996891,208.024597,125.659752,0.9110360000000001,293.64856000000003,144.802643,0.326529,127.76696000000001,176.20932,0.9521059999999999,177.22460900000002,182.698059,0.9563219999999999,222.83871499999998,177.835388,0.9534469999999999,176.703781,266.966949,0.640564,61,6
17,17,0,32.005623,0.0,292.39514199999996,291.12017799999995,0.9999979999999999,0.9999979999999999,4.0,-1.0,-8.0,80.808037,41.947376,0.787989,109.229294,33.441063,0.822658,140.988647,36.667557,0.8594139999999999,205.170273,39.049217,0.890135,238.425201,36.835281,0.865168,266.646881,44.469913,0.843326,96.042961,62.861731999999996,0.940749,118.527809,60.982845,0.9598040000000001,139.373611,62.432079,0.941125,209.423874,65.05658000000001,0.9345100000000001,232.12171899999998,63.97999599999999,0.9557629999999999,253.287506,66.332367,0.940343,56.322520999999995,142.221069,0.567554,141.923752,124.683853,0.9210719999999999,170.899323,127.24209599999999,0.9978020000000001,202.349899,127.13578799999999,0.9395129999999999,299.491516,148.926025,0.6242449999999999,125.91251399999999,178.041992,0.9537200000000001,172.311081,183.72963000000001,0.967076,219.041931,180.14373799999998,0.956083,172.428223,267.694794,0.705554,61,7
18,18,0,12.353137,0.0,353.59173599999997,518.368286,1.0,1.0,-2.0,-1.0,8.0,73.43998,206.099762,0.903418,112.384377,186.81706200000002,0.976189,159.43833899999998,192.58577,0.9905229999999999,246.00628700000001,196.127747,1.0060129999999998,290.786804,190.909561,0.999576,324.716461,206.964066,0.9015120000000001,96.58445,241.744904,0.9720479999999999,128.46490500000002,238.28393599999998,0.9726790000000001,158.365845,242.022781,0.966133,244.74908399999998,244.77745099999999,0.966901,274.397705,241.259781,0.994534,303.51223799999997,245.79206800000003,0.987129,41.983574,364.93505899999997,0.556279,166.611633,322.383759,0.95299,206.091904,307.902069,0.9862110000000001,236.31485,324.637512,0.9184969999999999,336.493866,370.319733,0.47621800000000003,147.626114,392.561127,0.9608780000000001,202.814148,390.051636,0.9718600000000001,249.86108399999998,393.82775899999996,0.978558,200.23262,488.227295,0.73854,62,3
19,19,0,0.0,0.0,305.013031,432.607574,0.999999,0.999999,1.0,-4.0,-7.0,57.98985699999999,169.501846,0.749677,87.601112,162.39828500000002,0.948722,120.861198,170.962936,0.962131,186.416336,176.807724,0.972766,221.90805099999997,172.799377,0.9581940000000001,251.0215,182.714828,0.826141,72.711632,198.722626,0.9345459999999999,96.492393,198.989273,0.9581799999999999,118.38245400000001,203.38919099999998,0.935417,187.442749,209.874146,0.9596600000000001,210.710327,208.06636,0.9731770000000001,234.03672799999998,211.17596400000002,0.9660569999999999,24.463263,273.24325600000003,0.194088,115.959251,271.236267,0.8733799999999999,145.083023,274.871857,0.9849180000000001,176.437485,276.269775,0.9232790000000001,279.473175,293.869598,0.251187,95.80896,318.135925,0.9165840000000001,143.56221000000002,329.04235800000004,0.95386,192.500046,324.751404,0.953261,139.511856,408.043091,0.522188,66,9
20,20,0,23.911427,1.7743400000000003,314.148529,441.44406100000003,1.0,1.0,4.0,4.0,-8.0,69.403549,191.548813,0.9122049999999999,96.710548,180.543243,0.9613520000000001,130.027145,182.024734,0.95725,193.507278,176.354553,0.967676,227.039963,168.36218300000002,0.979088,257.471405,172.613724,0.98455,87.896156,214.29095499999997,0.9698370000000001,111.14916200000002,210.292938,0.962385,132.309326,210.212814,0.944623,202.073166,204.826096,0.9678770000000001,224.60812400000003,200.11908,0.975642,247.128296,199.610199,1.0000129999999998,50.037437,295.153778,0.524584,140.518494,278.315552,0.9205040000000001,169.533173,278.808716,0.993569,202.347092,273.566132,0.9700110000000001,311.297546,274.772705,0.6015729999999999,130.479477,332.037628,0.980807,178.156723,334.404022,0.995179,225.827484,323.976715,1.0065879999999998,186.662872,418.231476,0.776675,67,2
21,21,0,36.197895,0.0,288.738342,288.909027,0.9999969999999999,0.9999969999999999,3.0,2.0,-16.0,81.069565,47.342876000000004,0.943586,109.22643300000001,39.089149,1.03146,141.91861,42.339264,1.0179989999999999,203.452667,40.879864000000005,0.9930260000000001,236.115845,34.760906,0.9758049999999999,264.709564,38.763588,0.8829809999999999,98.309639,67.309303,0.9991690000000001,120.827126,64.625038,0.9983120000000001,141.966675,65.890182,0.9889700000000001,209.192444,64.599205,0.972094,231.726166,61.079094,0.981504,253.017548,61.705063,0.9674309999999999,60.231976,137.37295500000002,0.383228,148.551041,133.036789,0.927732,177.933899,136.083496,1.002498,206.995544,131.73376499999998,0.942659,300.572784,130.46688799999998,0.451901,136.65060400000002,184.773315,0.9833620000000001,181.12645,188.308197,0.979791,223.63844300000002,181.986725,0.98016,185.166168,265.80465699999996,0.550453,71,10
22,22,0,16.58902,14.940344,338.076721,450.134705,1.0,1.0,-4.0,-4.0,-11.0,93.059296,191.130096,0.862492,129.855286,184.80777,0.8823709999999999,167.782043,192.361618,0.885617,240.37818900000002,199.938843,0.880316,277.30542,197.976089,0.880282,305.746155,205.94546499999998,0.8145560000000001,109.603012,216.86482200000003,0.90012,136.563629,217.170883,0.9119780000000001,161.343094,221.10342400000002,0.8939159999999999,240.09814500000002,228.36248799999998,0.879508,264.481354,227.833481,0.9191280000000001,288.648529,231.045944,0.901985,45.389896,290.06106600000004,0.5359470000000001,164.111877,293.912903,0.914698,202.386337,298.568787,0.9812280000000001,230.74002099999998,300.128998,0.864331,326.549744,312.987274,0.530556,141.76101699999998,348.613953,0.930969,193.921463,356.803741,0.9612360000000001,240.121674,356.224335,0.933565,187.71434,439.59619100000003,0.561074,73,8
23,23,0,16.819601000000002,0.0,348.363159,447.29425,1.0,1.0,0.0,5.0,-13.0,66.788239,174.900772,0.872627,101.72332,166.42338600000002,0.942457,142.688721,170.606628,0.953099,217.102509,165.517303,0.965367,257.43685899999997,154.717468,0.948649,294.264801,155.888016,0.915168,89.35104399999999,197.71283,0.9278270000000001,117.519951,194.305679,0.934436,143.935944,195.672104,0.9135700000000001,224.43780499999997,190.814056,0.931019,252.28674300000003,184.733307,0.9575739999999999,279.46817000000004,183.540558,0.945941,45.849865,267.100708,0.48969300000000004,154.7323,277.492462,0.8733129999999999,190.278412,281.90524300000004,0.9858110000000001,224.800613,273.214478,0.904633,336.152496,248.44006299999998,0.7131069999999999,143.311325,335.246704,0.914907,195.787003,337.90213,0.966683,244.74241600000002,327.757721,0.9488719999999999,203.664764,420.69635,0.766054,74,9
24,24,0,14.166522,0.0,294.663025,374.335083,1.0,1.0,-6.0,0.0,-9.0,74.829536,129.191116,0.880065,106.231705,119.67211200000001,0.981408,141.54068,125.195908,0.988287,206.419296,126.664185,0.9949379999999999,239.130585,120.66053799999999,0.9892629999999999,264.709167,127.17626200000001,0.8548290000000001,92.168266,153.934143,0.992978,116.350899,152.304596,0.9831,138.969955,155.242844,0.98367,207.140305,156.463257,0.9885520000000001,229.10575899999998,152.76040600000002,0.991398,250.82890299999997,154.129013,1.0024549999999999,39.949238,226.13124100000002,0.280339,143.857788,219.298355,0.983192,179.154068,224.06919900000003,0.9959879999999999,205.43559299999998,220.01335099999997,0.934883,284.385895,227.860443,0.19487000000000002,121.03483600000001,264.038879,0.990914,175.426575,273.805969,0.983671,222.37370299999998,263.333008,1.00673,176.313766,351.183899,0.639686,82,6
25,25,0,2.516109,0.0,371.845459,516.412476,1.0,1.0,0.0,-2.0,-1.0,66.865463,206.28547700000001,0.982506,103.65786700000001,193.913208,1.0064790000000001,145.861801,199.965652,1.005352,228.055679,203.128403,0.9985809999999999,271.528107,198.491837,0.9890450000000001,307.82223500000003,210.066177,0.97205,86.92939,238.115204,0.991253,116.742668,236.00427200000001,0.989452,144.285828,239.192871,0.9721129999999999,231.383392,242.605972,0.974532,260.48983799999996,240.054245,0.9908100000000001,288.91366600000003,243.341019,0.984656,33.503231,340.29681400000004,0.706038,147.713654,320.361481,0.947994,183.949768,317.17483500000003,1.001747,220.830521,323.377472,0.9701860000000001,343.37445099999997,349.989288,0.887783,128.773087,385.927094,0.9769620000000001,183.87210100000001,389.74993900000004,0.981051,237.935486,388.962311,0.9795,182.858276,487.09435999999994,0.790632,86,8
26,26,0,31.334578000000004,0.0,254.687088,272.98431400000004,0.9999969999999999,0.9999969999999999,-2.0,4.0,-14.0,72.60584300000001,57.227917000000005,0.974512,99.04555500000001,48.723076,0.955039,130.106064,51.984783,0.957966,185.299072,49.479015000000004,0.954894,214.756271,42.116909,0.937831,240.00010699999999,45.308502000000004,0.926042,89.30405400000001,76.143456,0.9686469999999999,110.223778,73.399986,0.954206,130.037933,74.850479,0.9352,189.216354,72.343948,0.956108,209.510773,67.861572,0.9703719999999999,228.918777,67.962425,0.981218,52.676956000000004,137.36312900000001,0.863267,137.284897,136.620316,0.9455979999999999,165.63652,139.070541,0.985202,189.59274299999998,134.207642,0.9223959999999999,264.808502,126.635056,0.690304,125.390221,181.750916,0.948361,166.9888,184.7323,0.965142,203.761185,177.222916,0.9662780000000001,171.377167,251.99636800000002,0.709494,89,2
27,27,0,38.683609000000004,0.0,284.178833,287.23501600000003,0.9999969999999999,0.9999969999999999,-2.0,-2.0,-17.0,95.339325,45.627014,0.9425309999999999,126.01458000000001,40.025673,0.982126,159.38472,47.221199,0.997077,219.76086400000003,50.272118,1.006138,252.486816,44.807045,0.987448,279.14898700000003,49.757389,0.894059,110.888,68.53290600000001,0.977686,133.80198700000003,68.052757,0.975928,155.822693,71.632408,0.9611700000000001,221.09941099999998,74.924995,0.985009,243.290771,71.948975,0.9986719999999999,264.824921,73.750999,0.982298,62.497353000000004,127.50715600000001,0.57365,158.538025,141.39001499999998,0.937292,189.444977,145.41713000000001,0.991344,214.94751000000002,143.97483799999998,0.911067,299.192902,138.677765,0.5763520000000001,143.089706,189.769073,0.931782,185.59626799999998,195.178329,0.9429350000000001,223.66668700000002,192.528702,0.9588639999999999,183.15391499999998,264.761444,0.687377,89,5
28,28,0,53.193656999999995,0.0,314.27389500000004,338.532379,0.9999959999999999,0.9999959999999999,8.0,11.0,6.0,79.172462,97.585037,0.695504,103.994171,78.617294,0.7152149999999999,138.456467,73.46320300000001,0.704146,206.908676,59.754562,0.55407,241.609879,50.430519,0.49800900000000003,274.336212,56.17215699999999,0.51844,100.067657,120.43073999999999,0.9811120000000001,123.85183700000002,112.19399299999999,1.003393,146.075089,108.617325,0.995237,219.62765499999998,94.89460799999999,0.912898,243.250214,88.702721,0.9137540000000001,267.10495,87.182968,0.883338,81.793297,234.163635,0.666614,161.447784,169.862152,0.980856,187.936798,154.069153,1.000143,223.46661400000002,158.795776,0.9668469999999999,338.96051,184.061478,0.583457,158.516525,232.43623399999998,1.029726,204.894135,222.27642799999998,1.000069,252.01574700000003,214.52972400000002,1.014985,223.73062099999999,312.34130899999997,0.538238,92,3
29,29,0,42.61124,0.0,275.77475,283.362549,0.999999,0.999999,4.0,0.0,2.0,90.67025,60.808319,0.8801190000000001,117.612587,49.960674,0.869976,148.705414,52.102447999999995,0.8717219999999999,209.324341,52.968818999999996,0.8597360000000001,240.353775,50.092419,0.8209200000000001,265.95401,58.59568,0.6916100000000001,105.66387900000001,82.756935,0.9835389999999999,127.55502299999999,80.170334,0.977138,147.56321699999998,81.26681500000001,0.9748600000000001,212.593796,82.00219,0.944833,233.215073,80.34594,0.9760770000000001,253.569656,82.48446700000001,0.936658,65.545914,166.488113,0.7584989999999999,152.346527,137.39325,0.952893,180.624268,132.200409,0.9960899999999999,207.316696,138.093292,0.934824,294.89263900000003,166.533371,0.299594,138.660187,187.042709,0.9858889999999999,181.106873,187.565323,0.9844950000000001,221.422531,186.804688,0.9934559999999999,181.908096,262.144196,0.511318,92,4
30,30,0,0.0,0.0,353.901947,521.565125,1.0,1.0,-8.0,-9.0,-10.0,108.391869,192.461166,0.978397,148.983521,188.275192,0.9895510000000001,187.336319,201.259552,0.997,256.003815,218.35864300000003,0.9974569999999999,293.607178,220.68293799999998,1.012607,319.003204,233.96087599999998,0.87975,121.12733500000002,222.472534,0.9782879999999999,147.98941000000002,225.72534199999998,0.9846459999999999,172.769135,232.295792,0.957866,251.598114,249.8526,0.9437719999999999,275.30181899999997,252.28114300000001,0.993099,298.153076,259.399689,0.9851479999999999,29.348446000000003,300.016327,0.785057,166.72821000000002,315.515442,0.9462290000000001,208.785049,325.059814,0.9859379999999999,234.57754500000001,330.717773,0.809804,324.39709500000004,361.582825,0.48976499999999995,135.349106,378.59549,0.9617190000000001,188.774323,392.740875,0.968233,233.97470099999998,398.493317,0.964656,169.49028,491.26602199999996,0.746904,97,5
31,31,0,0.0,0.0,361.28018199999997,476.007233,1.0,1.0,-3.0,1.0,-12.0,51.420677000000005,170.243271,0.5434939999999999,89.186104,158.578644,0.878073,132.58696,164.074005,0.934744,214.04126000000002,162.647293,0.969368,255.61601299999998,153.725235,0.9809899999999999,290.436584,160.184479,0.9089719999999999,73.630371,199.711166,0.891074,103.739639,196.84913600000002,0.973151,131.432205,199.289795,0.9556290000000001,217.90936299999998,197.890228,0.984749,245.853302,192.64390600000002,0.970548,273.74707,193.283401,0.995215,12.975439999999999,289.923706,0.151671,138.646393,280.142914,0.9210010000000001,180.761124,286.918121,0.9932139999999999,216.41668700000002,278.255646,0.9287540000000001,329.61611899999997,282.677612,0.23771199999999998,112.903481,336.574493,0.9777040000000001,180.634796,347.970917,0.980467,242.207413,332.026825,0.989308,184.578339,446.708862,0.59907,98,3
32,32,0,14.704582,0.0,325.34231600000004,454.226837,1.0,1.0,-2.0,-4.0,-16.0,78.45010400000001,176.38201899999999,0.7356739999999999,114.08719599999999,171.304459,0.930573,153.37846399999998,182.511749,0.972259,227.830582,188.809311,0.991708,266.880768,182.337875,0.986165,297.89801,188.81694,0.8860040000000001,96.576141,206.223053,0.9279620000000001,123.9981,207.01629599999998,0.982684,150.119095,213.25613399999997,0.969706,226.509766,219.787521,0.985052,253.024826,216.156464,0.9958530000000001,278.87255899999997,218.60667400000003,0.9915579999999999,41.967758,266.92691,0.513149,150.810654,291.77124,0.9352299999999999,187.76238999999998,302.655121,0.9960450000000001,218.37559500000003,296.508179,0.904734,312.94879199999997,287.002136,0.5046189999999999,126.780075,337.357178,0.9547129999999999,182.46633899999998,352.12515299999995,0.967945,233.46106,343.61438,0.974389,178.168243,428.506622,0.531502,98,9
33,33,0,16.538631,0.0,363.54614300000003,466.735229,1.0,1.0,3.0,3.0,-8.0,65.950897,175.44096399999998,0.707607,98.815865,164.82046499999998,0.901381,138.540329,168.861572,0.929168,216.4384,164.82565300000002,0.9278799999999999,257.61767599999996,155.844238,0.901899,295.039429,160.714554,0.854742,87.566772,202.767303,0.8972129999999999,115.85270700000001,199.20623799999998,0.9453450000000001,141.588608,200.585892,0.9116700000000001,224.843384,197.024338,0.923058,253.00206,191.836472,0.947443,280.534729,191.922501,0.9268879999999999,46.799583,289.135498,0.293602,149.61492900000002,281.21524,0.8282430000000001,183.443558,284.273376,0.978765,222.31727599999996,277.684814,0.9031049999999999,349.409119,274.67150899999996,0.77015,136.576797,340.033875,0.910098,192.510788,345.483856,0.9537100000000001,249.701675,334.054932,0.934017,199.375031,438.472412,0.8044720000000001,98,10
34,34,0,43.751507000000004,0.0,266.37146,243.0,0.999999,0.999999,-4.0,6.0,-7.0,92.267136,62.348709,0.9535469999999999,118.57161699999999,51.294674,0.964672,149.45018000000002,51.689426,0.965225,202.318085,46.610737,0.926507,229.627121,39.358768,0.869006,252.70439100000002,42.28907,0.737342,109.555016,79.61615,0.980497,130.213684,75.513817,0.96985,149.108017,75.181076,0.950307,208.101563,69.336304,0.921488,226.151306,65.16304000000001,0.9581780000000001,244.53428599999998,64.43836999999999,0.9169780000000001,66.443787,151.039932,0.5905819999999999,161.504868,133.291931,0.948355,191.67700200000002,131.06814599999998,0.9904,213.417938,128.422958,0.8543879999999999,287.970306,126.75783500000001,0.18567,152.404541,181.3862,0.974722,194.244553,179.945999,0.982625,228.893631,172.582962,0.971659,202.202209,250.077148,0.42332200000000003,104,3
35,35,0,292.804382,100.117142,58.195618,98.183502,0.919111,0.919111,-12.0,7.0,4.0,319.955597,142.817429,0.402995,324.573883,140.083023,0.529663,328.890015,140.957993,0.6132489999999999,333.34216299999997,139.37413,0.473138,336.37442000000004,137.168671,0.36540300000000003,337.63482700000003,138.87616,0.23539200000000002,321.46322599999996,150.520828,0.569002,325.07122799999996,150.00512700000002,0.66769,326.832367,149.259399,0.356157,335.495422,147.861221,0.266102,336.589722,147.45726000000002,0.474945,338.279175,148.030304,0.348964,299.467468,170.46971100000002,0.257472,329.09475699999996,165.482269,0.657403,334.050751,160.372513,0.9268379999999999,334.615021,164.486923,0.352687,354.1492,169.000015,0.08527,328.68762200000003,177.831329,0.651402,332.298035,174.828049,0.877192,332.11810299999996,179.76599099999999,0.414509,330.64187599999997,192.743195,0.634047,104,3
36,36,0,33.500137,51.804984999999995,270.670471,366.387543,1.0,1.0,-3.0,0.0,-16.0,82.89658399999999,196.487885,0.824155,110.684402,190.068741,0.9107430000000001,141.853897,195.536194,0.9317629999999999,200.869324,196.519791,0.937543,231.282608,190.681671,0.9251229999999999,256.834503,194.711182,0.847801,98.382751,218.302948,0.908308,120.31005900000001,217.123489,0.935549,140.561111,219.650513,0.905285,203.294037,220.675842,0.9167870000000001,224.074768,217.513565,0.9406,244.30142200000003,218.356308,0.924162,56.339045999999996,276.799408,0.63122,145.773224,281.250244,0.90095,174.78637700000002,285.618042,0.9877040000000001,199.704727,281.67392,0.8844690000000001,281.640442,278.17157000000003,0.544338,130.439941,323.549957,0.926321,174.096786,330.216827,0.965585,214.297104,323.39401200000003,0.9398129999999999,174.758896,397.45401,0.763459,114,10
37,37,0,19.489658,0.0,296.837891,292.564209,0.9999959999999999,0.9999959999999999,2.0,1.0,-3.0,73.002533,54.700458999999995,1.037095,101.210976,45.0098,0.977885,133.294098,48.119793,0.9717030000000001,197.00006100000002,48.415043,0.969742,229.37467999999998,44.362759000000004,0.954975,256.435944,51.887710999999996,0.8871030000000001,88.401573,78.455299,1.016359,111.364746,76.36751600000001,0.981556,132.195984,77.76039899999999,0.982455,200.811127,78.239899,0.970324,222.45085099999997,75.89404300000001,0.9831549999999999,243.9048,77.398499,0.9864940000000001,44.2136,157.33398400000002,0.639346,135.686676,137.894165,0.9906209999999999,166.410782,138.192139,0.995641,196.370132,138.295425,0.969966,291.45300299999997,157.303619,0.338424,118.87568700000001,186.221008,0.9999239999999999,167.39926100000002,191.598175,0.9853049999999999,214.15316800000002,185.571121,0.998822,168.99527,270.000427,0.711634,117,8
38,38,0,14.715527,2.825499,315.812836,440.15588399999996,1.0,1.0,2.0,0.0,-13.0,64.930771,176.837723,0.9596709999999999,97.462738,169.039246,0.9230360000000001,134.911728,175.016052,0.916218,203.682251,175.911728,0.909766,240.914413,168.927231,0.8969889999999999,272.819122,173.656738,0.8510030000000001,84.247314,200.60955800000002,0.926407,109.870598,198.741898,0.9175840000000001,134.321121,201.80551100000002,0.9034129999999999,207.932907,202.78118899999998,0.883899,233.444824,198.79402199999998,0.923227,257.785736,199.94603,0.9016620000000001,41.019909000000006,271.9216,0.852662,140.217209,278.926605,0.9126190000000001,172.76281699999998,282.776886,0.962781,203.43893400000002,279.437164,0.8796459999999999,304.063721,272.395294,0.8381,126.07563,334.03891,0.940261,173.910278,338.660065,0.9533729999999999,218.749039,333.670776,0.939275,176.366058,418.067383,0.6195350000000001,118,7
39,39,0,36.054092,0.0,301.42132599999997,326.194305,0.999999,0.999999,-1.0,5.0,1.0,77.14308199999999,75.680679,0.839267,107.05520600000001,60.261662,0.8229280000000001,143.501724,58.992149,0.817072,213.341675,53.96955500000001,0.77873,247.886765,48.462109000000005,0.753948,277.236084,55.633998999999996,0.767401,97.557259,94.93723299999999,0.9126139999999999,122.190018,89.43937700000001,0.911956,145.238922,88.725693,0.8731639999999999,219.124496,83.33431999999999,0.868389,242.614685,79.136162,0.890281,264.789276,79.89008299999999,0.8886930000000001,61.2076,191.84816,0.8832780000000001,155.554932,147.666931,0.932708,190.58403,148.535416,0.973835,222.02613799999997,143.003922,0.913825,312.36016800000004,169.144836,0.853452,136.30912800000002,202.433731,0.957159,195.575455,206.795715,0.9565870000000001,249.61879,192.944763,0.955092,204.668915,300.945923,0.871566,144,7
40,40,0,48.755455,0.0,241.530792,268.1716,0.9999959999999999,0.9999959999999999,1.0,1.0,-6.0,79.53671999999999,55.649475,0.873374,105.191635,44.354042,0.932997,137.22131299999998,48.606483000000004,0.963208,196.74449199999998,48.160603,0.960575,227.776566,41.551544,0.9020610000000001,253.669357,48.768692,0.7682220000000001,96.545624,79.700645,0.971176,118.334373,77.16922,0.9752299999999999,139.15611299999998,79.716927,0.967542,198.104523,79.019669,0.9722209999999999,219.432083,74.744904,0.990311,240.1147,76.15277900000001,0.9573020000000001,68.88046999999999,151.955429,0.678547,145.822983,139.561172,0.9399120000000001,170.903503,133.56729099999998,0.994073,193.777679,138.64163200000002,0.9148870000000001,270.130615,146.795578,0.432936,135.959274,185.418671,0.9558260000000001,172.647018,184.854919,0.969676,205.652008,183.47444199999998,0.973245,174.555374,247.56977799999999,0.786283,157,9
41,41,0,24.500372,0.0,300.832916,435.837036,1.0,1.0,0.0,2.0,-3.0,76.219673,175.186249,0.9700780000000001,106.675377,162.699875,0.976766,142.343918,165.60759,0.9829829999999999,206.236771,164.733749,0.979247,240.433044,158.942657,0.9789709999999999,269.021637,166.45578,0.976023,94.60734599999999,198.91589399999998,0.970774,118.689423,195.410538,0.981142,141.35188300000002,196.607483,0.94404,211.12326000000002,195.475281,0.949308,234.096054,192.15416000000002,0.978908,256.173981,193.839462,0.980476,49.569782000000004,289.11138900000003,1.013107,149.892273,267.632446,0.9374620000000001,181.280991,262.415741,0.99493,208.184723,266.733948,0.9185639999999999,300.263885,282.465027,0.8933610000000001,137.82931499999998,327.49447599999996,0.981066,182.09260600000002,326.012024,0.994717,221.69831800000003,325.22564700000004,0.9817940000000001,185.226517,410.664825,0.683013,161,8
42,42,0,35.474213,0.0,271.429932,295.309357,0.999994,0.999994,-5.0,2.0,-6.0,87.96038100000001,71.456642,0.691032,115.293907,60.919422,0.721874,146.339691,62.842064,0.757375,205.200165,62.106342000000005,0.782199,234.04277000000002,57.560005000000004,0.77122,257.20959500000004,63.46370699999999,0.7280439999999999,103.452667,92.030487,0.940342,124.881851,89.26415300000001,0.967131,144.701752,90.099182,0.955636,208.294586,89.043839,0.9568270000000001,227.77327000000002,86.246544,0.974218,246.786102,87.155365,0.9752860000000001,58.879879,168.14238,0.662958,151.619003,146.464493,0.976017,183.499268,147.677414,0.992614,208.126572,145.40239,0.903899,284.356476,161.464935,0.392994,133.527695,192.545456,0.969725,182.382553,197.582596,0.964283,224.952713,189.23005700000002,0.9735889999999999,185.84651200000002,273.69577000000004,0.475396,165,10
43,43,0,19.104343,0.0,331.89566,352.480896,1.0,1.0,6.0,4.0,-2.0,62.262901,72.382469,0.761679,91.245804,57.72555500000001,0.8571110000000001,127.66664899999999,57.042708999999995,0.86029,199.426086,50.363842,0.7670170000000001,237.67549100000002,43.557289000000004,0.693629,272.573578,50.966091,0.635774,82.140068,96.76731099999999,0.963878,107.44123799999998,91.04632600000001,0.9837299999999999,130.858078,89.792191,0.9575799999999999,210.12191800000002,83.529747,0.9574219999999999,235.716644,79.38549,0.959216,260.98111,79.887245,0.9372370000000001,47.784110999999996,205.189392,0.383517,138.92659,161.09906,0.905502,168.494675,153.958282,0.992675,207.367538,156.06587199999998,0.9391010000000001,334.581787,181.358475,0.22890500000000003,129.223663,227.05146800000003,0.9805889999999999,179.607651,224.507309,0.978949,232.75025899999997,218.35578900000002,0.978376,189.562424,324.39694199999997,0.617233,176,5
44,44,0,37.173504,0.0,300.719849,320.09826699999996,1.0,1.0,2.0,4.0,-8.0,78.951004,73.72845500000001,0.95793,108.08606699999999,61.468578,0.982151,143.26088000000001,62.092971999999996,0.980899,208.248322,57.283039,0.9666600000000001,242.49339300000003,50.16478,0.9468469999999999,272.86953700000004,54.825539,0.931781,98.502792,93.40677600000001,1.0064870000000001,122.34596299999998,88.785606,0.995725,144.679596,88.638954,0.988301,215.427933,83.605179,0.9687620000000001,238.905792,79.268417,0.9803950000000001,261.303467,79.401657,0.9839530000000001,62.220776,178.713882,0.679285,155.022095,155.45916699999998,0.959808,185.932999,153.300446,1.000983,215.773926,151.206223,0.948362,312.693481,158.738876,0.660609,144.13736,212.513641,1.0111780000000001,191.285721,211.69761699999998,0.996243,235.30152900000002,204.845901,1.0017770000000001,199.16485600000001,295.558868,0.7564489999999999,176,10
45,45,0,13.820257999999999,55.41025500000001,300.10257,390.828094,0.999999,0.999999,-1.0,-2.0,-24.0,62.474125,204.366196,0.9596549999999999,94.220734,202.897156,0.9772049999999999,129.48873899999998,213.44792200000003,0.9874,198.114227,216.25418100000002,0.9915959999999999,234.55296299999998,207.778427,0.9894729999999999,265.799988,209.350266,1.009055,79.812141,230.999985,0.966576,105.049568,232.201202,0.964224,129.15332,237.647842,0.954567,199.390503,240.985016,0.983201,224.88517799999997,236.253296,0.981389,249.748932,236.55441299999998,1.000464,38.863716,268.065369,0.810933,132.114624,313.65792799999997,0.949427,162.541458,323.273682,0.993518,192.064926,315.816223,0.9600059999999999,288.91745,278.045654,0.876708,119.437752,356.489288,0.9483969999999999,162.42099,365.576477,0.97155,203.870956,359.288422,0.969091,162.63201899999999,424.116425,0.845777,177,9
46,46,0,29.236301,0.0,313.471252,313.970612,0.999999,0.999999,-3.0,-2.0,-4.0,98.842903,50.966324,0.870893,130.201233,41.423489000000004,0.943599,164.110443,46.231421999999995,0.9472700000000001,229.183502,50.178864000000004,0.9516969999999999,262.414795,47.491508,0.955873,288.330902,56.472851,0.885022,113.835457,76.663101,0.984715,137.789825,75.430847,0.9845,159.709732,77.696846,0.968392,231.091385,81.715546,0.97593,252.971146,80.438744,0.989395,274.588196,83.179337,0.993742,55.686699,160.672272,0.32552,162.660065,144.31530800000002,0.9417049999999999,196.88896200000002,144.876816,0.999295,224.640823,147.745407,0.9358040000000001,316.61474599999997,172.739059,0.451367,142.700638,198.466919,0.995769,192.40098600000002,204.325516,0.994014,237.285965,202.024796,1.0001879999999999,189.646683,289.193604,0.486392,181,2
47,47,0,33.077915000000004,0.0,306.7117,297.790222,0.9999979999999999,0.9999979999999999,-3.0,1.0,-14.0,94.397568,47.031502,0.730152,127.71621699999999,39.389034,0.875576,164.058167,44.806354999999996,0.9287350000000001,231.637238,46.316596999999994,0.951994,265.668854,40.654517999999996,0.900483,293.075226,45.42342,0.746146,112.38623,68.331673,0.940934,137.353851,66.642624,0.9591870000000001,160.61621100000002,69.384712,0.952256,232.64961200000002,70.81047099999999,0.971103,255.626419,67.298546,0.978074,277.963348,68.512573,0.955098,58.957947,135.519012,0.299917,164.71633899999998,132.71965,0.9531649999999999,202.65074199999998,143.93551599999998,0.984406,231.225906,133.321732,0.889634,314.25946,138.215958,0.26293,137.434769,176.521088,0.9826010000000001,198.16243,190.748672,0.97321,251.831482,175.564377,0.991194,198.284821,274.299194,0.717066,189,3
48,48,0,23.333603,0.0,319.295105,442.63915999999995,1.0,1.0,1.0,4.0,-2.0,68.30603,172.022324,0.870542,98.23114,156.36908,0.967857,136.041428,159.174698,0.98329,205.89093,154.515427,0.9801139999999999,242.69593799999998,145.360733,0.9647549999999999,274.621368,153.64541599999998,0.94105,88.81150799999999,202.46868899999998,0.9868879999999999,114.87195600000001,198.08500700000002,1.001326,138.935226,199.085449,0.975611,212.25611899999998,194.30542,0.9620129999999999,236.88249199999998,188.855942,0.9820840000000001,261.84494,189.379913,0.9762709999999999,49.938152,302.15551800000003,0.634219,149.901794,274.10400400000003,0.9241090000000001,180.32484399999998,263.746887,0.9974299999999999,210.56471299999998,270.086884,0.9348700000000001,315.98364300000003,282.83847000000003,0.673913,141.240524,334.282562,0.930585,186.68469199999998,330.95986899999997,0.9431139999999999,229.016129,328.082825,0.9398569999999999,193.824097,415.613861,0.662999,190,1
49,49,0,49.444237,26.723335,268.88088999999997,366.959625,0.999999,0.999999,-1.0,7.0,-15.0,82.119934,191.26011699999998,0.749466,108.11368600000002,181.531448,0.949291,141.08194,184.01387,0.973527,201.312576,176.589813,0.9799540000000001,232.24409500000002,165.202972,0.9713229999999999,260.52929700000004,166.12643400000002,0.9215450000000001,101.522209,212.70040899999998,0.9334809999999999,124.190514,208.891037,0.971748,145.31278999999998,209.61987299999998,0.9433090000000001,207.159454,202.186462,0.9384790000000001,228.578323,195.272308,0.951456,250.381424,193.30483999999998,0.95209,71.88225600000001,272.75820899999997,0.40342,158.6409,271.976807,0.9010819999999999,185.54838600000002,270.132965,0.9866719999999999,210.56355299999998,265.259796,0.915997,295.92123399999997,243.82289100000003,0.314733,152.181656,314.171051,0.9550860000000001,192.72250400000001,313.71954300000004,0.9754719999999999,229.240768,304.050018,0.959868,202.37854,372.91204799999997,0.780666,190,4
50,50,0,15.012057999999998,0.0,342.22857700000003,458.527954,1.0,1.0,4.0,2.0,-5.0,62.249512,177.111298,0.84801,94.14990999999999,164.551376,0.982806,133.055176,168.330002,0.9928290000000001,209.703751,166.050674,0.987569,249.41520699999998,158.754333,0.972899,284.04830899999996,166.86686699999998,0.937673,82.780472,204.845627,0.972024,110.099396,201.248901,0.980196,135.068085,202.956757,0.9551940000000001,215.42730699999998,201.058212,0.960096,242.21856699999998,196.41992199999999,0.98006,268.451935,197.668106,0.982309,43.473331,300.518646,0.471972,139.831131,273.415344,0.921581,173.768799,275.429443,0.9978940000000001,211.750702,271.163788,0.9769389999999999,328.08606000000003,290.98703,0.901415,120.08148200000001,327.400238,0.981582,180.356033,336.078308,0.989157,241.614517,322.648102,0.9961459999999999,185.042191,431.27581799999996,0.711882,191,7
51,51,0,38.715004,0.0,308.487122,430.091919,1.0,1.0,1.0,2.0,0.0,83.790421,172.841995,0.966251,113.891815,159.662216,0.9949379999999999,150.56182900000002,162.68866,1.001261,222.330383,161.373825,0.9915809999999999,258.643555,155.09903,0.986293,289.291901,163.71633899999998,0.9914729999999999,102.703171,199.394211,0.9889879999999999,128.234833,196.009186,0.990661,151.90069599999998,197.641266,0.9585520000000001,226.203491,196.311569,0.9738370000000001,250.994034,192.246231,0.987089,274.924652,193.711411,0.998948,64.418999,291.52475,0.8351379999999999,157.94468700000002,262.881073,0.9621270000000001,190.54928600000002,261.469025,1.000268,222.756012,261.298523,0.9780540000000001,321.458954,283.49847400000004,0.9494809999999999,139.590393,314.428589,0.984816,193.935852,319.887695,0.991591,246.20098900000002,310.860474,0.998662,197.982742,405.09256,0.803519,191,8
52,52,0,21.300058,0.0,335.129303,435.46896399999997,1.0,1.0,-1.0,4.0,-4.0,81.527519,165.214157,0.9394879999999999,113.580917,152.46108999999998,0.9722930000000001,151.358856,155.57693500000002,0.980914,219.189667,152.013184,0.9711989999999999,255.023911,143.63986200000002,0.962202,285.657959,149.653564,0.9479690000000001,101.430725,191.703384,0.9786389999999999,127.419044,187.986298,0.982973,151.111099,188.99946599999998,0.950415,225.262894,185.243866,0.949994,249.02668799999998,180.42283600000002,0.9727879999999999,273.145081,180.69664,0.9784069999999999,49.266487,279.980164,0.786399,161.143982,264.222717,0.939277,195.320557,261.347565,0.993502,225.064804,260.93515,0.928434,328.50546299999996,264.573425,0.750979,148.359146,322.448547,0.964867,198.19801299999997,322.998138,0.979319,243.19606000000002,316.557587,0.966578,203.774994,408.939056,0.756391,195,5
53,53,0,266.15045200000003,0.0,30.792664000000002,23.377651,0.264859,0.264859,41.0,-4.0,-16.0,268.281006,2.840516,0.30058,269.762848,3.0815189999999997,0.488938,271.52951,4.054782,0.612498,275.88446,4.174039,0.7639090000000001,278.808502,3.620325,0.730667,281.850281,4.086236,0.578166,269.007751,5.83779,0.48220100000000005,270.460785,6.090217,0.618877,271.818176,6.313404,0.6013430000000001,276.969086,6.896917,0.690398,278.65094,6.83378,0.869159,280.863464,6.903553,0.788389,268.796448,9.588992,0.154128,271.25674399999997,12.338037,0.529751,271.630737,12.129857000000001,0.9714379999999999,275.024567,12.798110000000001,0.850469,289.586517,12.353712,0.241698,271.275604,15.915989000000001,0.5633,272.863831,16.274462,0.911258,275.894684,16.65263,0.872555,273.666107,21.510639,0.6297689999999999,195,5
54,54,0,15.618788,89.258629,263.102173,352.090027,1.0,1.0,3.0,0.0,-21.0,55.783131000000004,226.714279,1.005573,82.112549,223.142685,0.9851219999999999,112.113235,229.386795,0.9743149999999999,171.064651,229.19453399999998,0.974558,201.582703,222.126923,0.9784579999999999,228.093216,223.804169,0.942628,71.158867,246.839371,0.9756239999999999,92.367805,246.32385299999999,0.9634299999999999,112.21084599999999,249.186859,0.962716,174.149017,249.552338,0.978223,195.243622,245.39798,0.980096,215.49003599999998,245.14567599999998,0.9790540000000001,37.518955,288.932922,0.732947,114.282822,308.603455,0.963374,142.511139,321.95507799999996,0.9875959999999999,171.784698,308.12048300000004,0.9715600000000001,256.52063,288.612549,0.8117310000000001,97.128677,342.912018,0.977291,145.23735,356.800171,0.9802870000000001,193.266846,340.784485,0.9972,147.898804,421.41940300000005,0.773839,202,2
55,55,0,13.544672,174.401245,39.500603000000005,58.48841899999999,0.8335959999999999,0.8335959999999999,-5.0,-11.0,10.0,18.567501,198.383972,0.286145,21.13295,196.70941200000001,0.498356,24.537195,197.063309,0.617935,32.224876,196.96583600000002,0.742766,36.546818,196.473038,0.705164,40.597202,198.036133,0.569865,20.14563,202.684616,0.5100720000000001,22.630678,202.272858,0.647799,25.026915,202.277161,0.610751,33.636684,202.46489,0.6541939999999999,36.280654999999996,202.270782,0.807249,39.256252,202.581085,0.7364390000000001,16.950848,217.092651,0.145143,25.671146,210.579239,0.553309,27.362747,208.936722,0.947506,31.788009999999996,210.669937,0.8074,49.763965999999996,217.195679,0.29625799999999997,24.58802,218.027786,0.641501,28.976425,217.84414700000002,0.8882760000000001,34.396782,218.16148399999997,0.8362129999999999,30.120955,229.579056,0.61646,202,2
56,56,0,17.013739,0.0,309.467468,332.998199,0.999999,0.999999,-2.0,-1.0,-3.0,73.75168599999999,57.223808,0.849827,106.42138700000001,45.738907,0.8718370000000001,143.535751,50.285801,0.91284,213.485489,53.743774,0.9456479999999999,250.206543,50.437107,0.911216,279.70840499999997,60.708248,0.8043859999999999,91.609306,81.369072,0.9706520000000001,116.938004,78.947159,0.9712850000000001,140.786224,81.58657099999999,0.955775,215.24971000000002,85.120079,0.965743,239.97483799999998,83.02636,0.970507,263.122345,86.27422299999999,0.954314,42.946628999999994,172.423874,0.670552,143.10939,149.248367,0.954851,178.175125,152.230865,0.9923709999999999,209.383011,152.080322,0.921516,300.705322,180.70639,0.399789,119.25956699999999,204.644836,0.972614,175.191147,213.495071,0.9734719999999999,227.579224,207.125214,0.9728559999999999,174.020996,306.88372799999996,0.674613,219,2
57,57,0,4.778445,0.0,333.000092,447.362396,1.0,1.0,0.0,1.0,-2.0,51.421318,174.445648,0.8818969999999999,85.751274,160.830276,0.9379639999999999,127.37926499999999,164.680496,0.947961,207.431793,165.43318200000002,0.891207,248.26445,159.546051,0.789092,282.06234700000005,169.074036,0.59707,73.4217,200.990814,0.9630219999999999,102.119576,197.542282,0.959233,128.818527,200.12399299999998,0.957126,210.047394,200.238876,0.942117,237.924377,196.618973,0.951717,264.68576,198.81543,0.877233,32.528453999999996,299.26995800000003,0.603191,136.635925,271.478271,0.937974,171.755905,268.459076,0.988722,204.788956,271.410919,0.907959,310.028534,294.886475,0.495825,118.241051,329.43060299999996,0.9551200000000001,173.689423,332.812103,0.9627700000000001,225.71694900000003,328.138092,0.9624729999999999,177.019653,421.197266,0.537866,228,6
58,58,0,37.541599,0.0,270.487183,284.198029,1.0,1.0,0.0,0.0,7.0,82.055283,52.690659,0.9487559999999999,110.62133,39.612408,0.850828,144.380753,42.069981,0.857139,207.433228,43.716885,0.863029,240.286087,40.82415,0.850565,266.536102,51.288376,0.9193100000000001,98.943085,75.034851,1.020948,121.89437099999999,71.992035,1.00748,143.480438,73.780914,1.007312,209.239624,75.056046,0.996173,231.21900899999997,73.008018,1.016027,252.282684,75.979271,1.028314,60.082198999999996,165.175369,0.89486,149.116516,132.226318,0.9926159999999999,178.504425,125.502724,1.002498,204.291504,133.484573,0.987217,285.48819,166.04363999999998,0.830586,134.563568,184.922028,1.0033,178.045181,184.63159199999998,0.9897440000000001,217.50080899999998,185.23684699999998,1.014197,178.657166,261.962982,0.7772479999999999,231,3
59,59,0,26.411740999999996,0.0,317.80413799999997,309.69680800000003,0.999999,0.999999,-1.0,0.0,-8.0,85.731705,46.213409000000006,0.8848459999999999,118.78366100000001,34.611771000000005,0.8887790000000001,156.07128899999998,38.463623,0.909434,224.27597000000003,40.191722999999996,0.924538,260.323029,35.987919,0.888415,289.978455,44.458565,0.7579739999999999,104.178925,70.169632,0.946566,129.843369,67.416145,0.9508200000000001,153.52073700000003,69.317459,0.9293110000000001,227.53652999999997,70.650993,0.9211540000000001,251.404556,68.39035799999999,0.953492,274.767487,70.843918,0.9108129999999999,52.932388,160.28320300000001,0.613174,160.937241,139.566193,0.908647,194.471848,135.32373,0.9838040000000001,222.25413500000002,140.75412,0.874223,317.735565,161.769455,0.347982,146.068634,198.931259,0.9512889999999999,192.958649,199.096771,0.9702559999999999,235.15112299999998,199.24383500000002,0.955843,192.711166,284.68908700000003,0.703569,231,8
60,60,0,7.424603,0.0,332.79724100000004,455.693359,1.0,1.0,1.0,-1.0,-7.0,65.162552,169.96843,0.919633,100.70395699999999,160.50145,0.9582209999999999,140.9431,167.380829,0.972385,215.242798,170.228653,0.99019,255.297989,164.197388,0.9862860000000001,288.390656,171.855179,0.9878979999999999,84.84124,197.422256,0.9660040000000001,112.530464,195.870514,0.9708120000000001,138.914276,199.544861,0.9703959999999999,217.57269300000002,202.418488,0.9832639999999999,244.89289900000003,198.986664,0.992699,270.944,201.362534,0.9981389999999999,35.154185999999996,277.94082599999996,0.63074,143.93116799999999,280.830872,0.944412,179.220566,281.384705,1.001162,210.29359399999998,283.072479,0.965512,312.450012,285.64608799999996,0.8376120000000001,128.359116,341.48312400000003,0.9735370000000001,177.590164,344.73544300000003,0.9919889999999999,222.47581499999998,343.614258,0.994442,176.704773,428.85772699999995,0.76363,250,10
61,61,0,23.350732999999998,0.0,276.951904,286.372284,0.9999969999999999,0.9999969999999999,2.0,0.0,-13.0,68.16851,40.383747,0.61715,96.430603,30.975309000000003,0.799927,129.968643,37.178059000000005,0.885279,192.413376,37.451859000000006,0.905857,225.36833199999998,29.869922999999996,0.853133,252.682709,36.127857,0.844231,85.07621,67.84494000000001,0.885389,108.19286299999999,66.227036,0.9536540000000001,130.131851,69.39917,0.931161,194.68940700000002,69.874207,0.939048,217.19627400000002,65.479698,0.9756549999999999,239.246262,66.601463,0.966183,46.418346,138.805984,0.418376,134.51710500000002,139.39361599999998,0.8824790000000001,163.942978,139.870575,0.9917219999999999,191.04573100000002,139.389084,0.9227420000000001,277.09448199999997,138.376312,0.818601,120.79361000000002,186.680466,0.943578,165.018814,191.709503,0.9822420000000001,205.56868,186.067703,0.962226,166.45373500000002,263.053894,0.431192,255,2
62,62,0,33.263611,0.0,311.248962,310.603271,0.999999,0.999999,8.0,-2.0,-19.0,73.61692,44.936729,0.688998,101.98264300000001,39.583549,0.8910319999999999,136.13235500000002,48.082481,0.9482290000000001,203.455475,49.213612,0.929895,240.71609500000002,41.318264,0.8562360000000001,274.237549,46.491306,0.767171,91.22097,72.650154,0.941585,115.61300700000001,71.863327,0.9914350000000001,138.16661100000002,76.092461,0.968417,208.7108,78.4067,0.954175,233.985275,73.946213,0.978893,258.71954300000004,75.128159,0.948583,58.992363,135.50206,0.279136,137.84436000000002,150.354523,0.830608,166.162643,160.647446,0.990133,203.054871,151.165497,0.929423,316.279907,140.756531,0.606193,122.506378,193.567078,0.9547760000000001,173.392853,207.588898,0.976658,228.69226099999997,194.838303,0.9609639999999999,175.07536299999998,285.965118,0.518983,256,4
63,63,0,310.25106800000003,178.791733,47.834259,73.354935,0.675949,0.675949,4.0,24.0,-25.0,314.750885,215.08041400000002,0.355461,318.563354,213.242371,0.5457810000000001,323.79675299999997,213.139023,0.630305,333.734161,210.256744,0.678488,338.60238599999997,207.312881,0.6194350000000001,343.394928,206.473694,0.46241400000000005,317.730652,219.13612400000002,0.6144970000000001,321.467346,218.195724,0.7181069999999999,324.807953,217.54742400000003,0.684738,335.854218,214.931442,0.708059,339.339752,213.423248,0.762804,342.83667,212.3069,0.675625,314.229187,229.42401099999998,0.150794,328.012878,228.86999500000002,0.6976640000000001,332.647583,229.54226699999998,0.9320959999999999,337.639771,226.42889399999999,0.7366560000000001,354.010315,219.64329500000002,0.177303,326.955963,235.63749700000002,0.744215,335.20935099999997,236.061569,0.874433,342.909088,231.630386,0.783465,338.58245800000003,247.994583,0.6147819999999999,256,4
64,64,0,313.513336,248.212677,44.983612,51.643584999999995,0.239943,0.591827,2.0,2.0,-12.0,322.827271,269.689758,0.364279,326.787109,268.645935,0.546686,331.04519700000003,269.030212,0.628886,340.005188,268.60443100000003,0.712997,344.142273,267.701416,0.675033,347.684082,268.080048,0.526278,324.808289,273.485596,0.571104,328.08639500000004,273.34368900000004,0.6740079999999999,330.948944,273.338135,0.681429,340.847015,272.878876,0.68804,343.60202000000004,272.483765,0.758522,346.65274,272.230591,0.665492,317.260071,282.439697,0.168176,332.715607,281.800629,0.740626,336.872253,281.019806,0.9275040000000001,340.555206,281.505829,0.758142,354.72738599999997,280.44760099999996,0.20188699999999998,331.898254,288.513794,0.721916,337.33828700000004,288.248199,0.83604,342.306122,287.856232,0.781166,338.157654,296.93310499999995,0.5650729999999999,256,4
65,65,0,0.0,0.0,350.103821,458.26016200000004,1.0,1.0,2.0,2.0,-9.0,49.567776,169.00968899999998,0.700588,83.61930100000001,157.44358799999998,0.949018,124.25810200000001,162.577133,0.978565,201.510254,160.37956200000002,0.98616,241.94459500000002,151.584274,0.970875,277.056671,158.23722800000002,0.8485020000000001,70.818321,198.160538,0.944235,99.012352,195.028183,0.982859,125.13587199999999,197.268845,0.975511,206.683151,195.40606699999998,0.99165,233.89613300000002,190.120148,0.9848870000000001,261.07318100000003,190.858047,0.9818180000000001,23.790194,287.81582599999996,0.136949,131.293625,274.196869,0.9159209999999999,166.989624,276.946533,0.989037,203.398483,271.961884,0.9438129999999999,320.27475,279.052734,0.207116,111.44904299999999,329.30368,0.9752,171.17610200000001,337.50158700000003,0.9774450000000001,229.582809,324.649719,0.999077,175.674271,430.38052400000004,0.883552,259,3
66,66,0,18.028839,0.0,314.596741,317.46707200000003,0.999999,0.999999,-2.0,0.0,-14.0,77.71601899999999,45.802208,0.66942,110.36318999999999,36.799625,0.6809029999999999,147.139633,42.894806,0.758529,216.245087,45.152889,0.8201799999999999,251.424225,39.428177000000005,0.7727539999999999,279.819275,45.7784,0.625107,95.830612,71.59515400000001,0.965959,121.196533,69.872261,0.986038,145.045334,73.05994399999999,0.977978,218.480164,75.307953,0.9811610000000001,242.490311,71.844521,0.993642,265.4711,73.590981,0.960392,44.391556,148.759171,0.42375,149.926941,144.82873500000002,0.949384,186.02417,151.401978,0.997908,215.47198500000002,146.12463400000001,0.887028,306.422485,152.593094,0.193736,127.81591,195.272385,0.995445,183.780853,205.909256,0.9851530000000001,234.372086,195.771545,1.000558,184.209564,291.951843,0.5496949999999999,266,4
67,67,0,3.648878,0.0,355.046539,478.65655499999997,1.0,1.0,0.0,0.0,-8.0,66.540909,181.039963,0.874683,102.464355,170.876755,0.9608270000000001,143.528885,177.52801499999998,0.964434,222.40454100000002,180.080154,0.961512,263.371918,173.837723,0.9552430000000001,297.21929900000003,181.88055400000002,0.8934120000000001,86.265831,211.153152,0.9732270000000001,115.132843,209.613174,0.983131,142.076019,212.998993,0.9840620000000001,225.34346000000002,215.585938,0.983418,253.297821,212.078964,0.9808680000000001,280.309631,214.10128799999998,0.976224,33.236088,298.801727,0.573281,147.971146,295.245331,0.958158,184.700455,295.491486,1.0021309999999999,217.775391,297.13983199999996,0.9651700000000001,329.108185,304.668335,0.576623,130.825516,357.111847,0.989979,184.176086,361.511169,0.986764,233.59687799999998,358.495361,0.986574,183.969635,450.676575,0.332679,286,5
68,68,0,13.327204,0.0,301.78866600000003,404.605835,1.0,1.0,0.0,0.0,1.0,64.182556,156.29496799999998,0.9726799999999999,94.490013,145.12794499999998,0.966447,129.195862,147.739777,0.96514,199.912247,149.04007,0.9744790000000001,234.50764500000002,145.769501,0.9774440000000001,262.795074,154.699554,0.965404,80.832222,180.040985,0.985661,105.454849,177.653763,0.9763139999999999,128.173264,179.086517,0.9719979999999999,202.311813,180.438538,0.986906,226.01483199999998,178.25737,0.986618,248.47961400000003,180.33476299999998,0.996402,38.476261,266.23141499999997,0.798515,131.420853,238.09414700000002,0.993423,165.071274,240.22525,0.99977,197.147064,239.135223,1.00122,289.966827,268.18945299999996,0.756893,108.993996,287.58013900000003,0.9970680000000001,164.764252,295.870453,0.985283,218.212402,287.325867,1.007984,166.203156,381.016937,0.802171,286,6
69,69,0,33.402744,0.0,296.913849,296.29193100000003,0.9999979999999999,0.9999979999999999,7.0,4.0,0.0,74.97219100000001,61.044498,0.86154,99.597122,48.269756,0.845622,129.808975,47.586609,0.828181,190.525803,42.509701,0.734344,222.17597999999998,37.580139,0.67462,250.540771,44.517796000000004,0.671298,91.192444,82.648659,0.9251219999999999,112.463943,78.13803100000001,0.93422,131.929932,77.042938,0.8995719999999999,198.896652,72.25753,0.8945489999999999,219.730606,69.196022,0.937197,240.8255,69.828506,0.9081379999999999,57.992821,175.045929,0.6984899999999999,138.746445,135.66539,0.877433,163.90631100000002,129.260178,0.980979,195.957855,131.958862,0.911165,303.89358500000003,157.82521100000002,0.749653,130.014404,190.902954,0.920839,172.646103,188.864014,0.9573719999999999,217.0952,183.995102,0.948199,180.371429,272.772675,0.619974,291,2
70,70,0,8.263877,76.259178,56.534195,63.656929000000005,0.27371999999999996,0.27371999999999996,26.0,-1.0,-7.0,13.420065,103.925179,0.274751,16.186860999999997,102.521759,0.427897,19.951704,102.928185,0.544623,28.074306,101.640556,0.69921,32.438334999999995,100.28141,0.640854,37.104198,100.69664,0.513948,16.030613,109.36833999999999,0.44119200000000003,18.954082,109.02493999999999,0.558439,21.417276,108.861847,0.517386,31.236389000000003,107.61637900000001,0.584234,33.661556,107.189049,0.793157,37.31517,106.55521399999999,0.699256,12.60863,121.94294,0.117708,24.743887,119.38679499999999,0.46807,27.031258,117.121727,0.905283,32.007656,118.49276699999999,0.782453,56.05616800000001,115.783745,0.231292,27.249695000000003,127.47076399999999,0.508035,30.891941,126.177544,0.8428,35.693768,126.12703700000002,0.786958,35.243313,136.312958,0.587601,291,2
71,71,0,48.367897,54.207581000000005,295.198822,409.92132599999997,0.9999979999999999,0.9999979999999999,-1.0,5.0,-8.0,91.995705,232.603043,0.92891,119.81282,220.98939500000003,0.9617040000000001,153.705551,222.523407,0.9653299999999999,219.322662,217.32246400000002,0.9662229999999999,251.59046899999998,208.899689,0.973123,279.59387200000003,213.06732200000002,0.9347850000000001,110.69176499999999,255.69749500000003,0.9691420000000001,134.26908899999998,251.976547,0.978168,155.994324,252.28212000000002,0.9546040000000001,224.712311,246.92851299999998,0.9712069999999999,246.814987,241.711319,0.9751620000000001,268.82128900000004,240.890656,0.9808629999999999,73.002136,332.37579300000004,0.794407,165.553741,313.441803,0.966089,197.01376299999998,314.69485499999996,0.989775,226.25662200000002,308.418671,0.94983,318.96994,311.050476,0.568635,150.060928,359.368713,0.9805719999999999,202.143494,364.34826699999996,0.982771,250.29627999999997,350.372375,0.9945579999999999,210.63000499999998,440.92623899999995,0.712936,323,3
72,72,0,16.472046,0.0,308.426086,311.964874,1.0,1.0,-4.0,0.0,-8.0,75.223457,46.821861,0.8216120000000001,107.68249499999999,36.411667,0.764847,144.427582,41.991421,0.812213,213.91670200000002,44.577301,0.815258,249.074219,39.462547,0.7165060000000001,277.223663,47.549446,0.558186,93.010277,73.516975,0.9895709999999999,118.486603,71.710403,0.9984700000000001,142.397675,74.890129,0.9786309999999999,215.196396,77.394279,0.997828,239.15509,74.13871800000001,0.9974270000000001,262.152985,76.298103,0.9074469999999999,42.746975,154.634399,0.890965,146.941086,144.310135,0.9826590000000001,182.32865900000002,147.350067,1.008329,210.914246,146.01799,0.926803,299.248016,159.690079,0.39774499999999996,125.49753600000001,195.12210100000001,1.001556,179.550186,203.63176,0.999325,227.99296600000002,196.135651,1.0108190000000001,179.02934299999998,286.914581,0.58603,324,8
73,73,0,33.774734,0.0,293.38037099999997,307.33203100000003,1.0,1.0,1.0,-1.0,-12.0,84.767838,59.401775,1.0301200000000001,116.024643,52.508801,1.021159,150.830414,57.751705,1.011844,215.472763,60.69150500000001,1.012335,250.390854,56.478336,1.004434,279.959839,62.255249,0.924264,101.90416,79.203224,1.0007270000000001,125.665672,77.651505,0.981977,148.378815,80.524239,0.981139,218.42665099999996,83.59058399999999,1.000812,242.34561200000002,81.208809,0.9937389999999999,264.608978,83.320938,0.99572,58.219997,147.935135,0.7545890000000001,151.598526,148.412781,0.968591,183.578476,154.16674799999998,0.9993479999999999,212.80053700000002,150.856049,0.969613,302.672638,155.993225,0.52778,134.236557,199.498459,1.005808,181.83548000000002,206.250626,0.992236,226.98071299999998,201.51321399999998,1.0221799999999999,181.205734,284.16629,0.637612,329,1
74,74,0,44.580760999999995,0.0,301.41650400000003,413.221313,1.0,1.0,2.0,6.0,-10.0,80.878036,179.493301,0.897804,109.180664,167.939301,0.934148,144.159637,168.737152,0.930278,212.259781,162.395508,0.8972829999999999,246.316391,153.918777,0.852316,277.020294,157.288284,0.701982,100.74900799999999,200.789001,0.922003,125.19196299999999,196.315796,0.925184,147.600372,196.11821,0.899641,219.47178599999998,189.67918400000002,0.886533,243.10624700000002,184.50221299999998,0.9131600000000001,266.116974,183.691544,0.858751,69.686058,281.442993,0.682415,158.686508,258.612488,0.921953,189.154175,257.82028199999996,0.986183,220.560715,252.773254,0.913817,320.739044,256.098328,0.5076229999999999,146.382767,308.384247,0.958765,197.057617,310.419067,0.976441,245.71469100000002,298.54788199999996,0.97498,206.949738,389.648346,0.728452,337,7
75,75,0,25.469082,0.0,316.506256,439.951721,1.0,1.0,-3.0,2.0,-10.0,78.73214,173.972656,0.866607,110.404655,162.036911,0.931199,148.015671,166.41777,0.9433459999999999,216.831451,164.80903600000002,0.9467620000000001,252.517075,156.632996,0.9461799999999999,282.404633,162.81951899999999,0.8519909999999999,98.557907,200.74675,0.9270959999999999,124.221741,197.65013100000002,0.951058,148.287704,199.713654,0.9235639999999999,220.85714700000003,197.868301,0.9446969999999999,245.09503199999997,193.063385,0.963701,268.955231,193.825882,0.9550280000000001,52.175571000000005,285.676117,0.8103199999999999,157.54496799999998,274.101807,0.9258219999999999,190.504532,272.0737,0.9891139999999999,218.86157200000002,272.25149500000003,0.884109,315.629913,276.276215,0.497487,143.454071,330.191162,0.936757,192.279053,332.113098,0.965276,235.758759,326.497162,0.962306,196.339783,414.195465,0.408717,343,4
76,76,0,36.070293,3.9454309999999997,284.626556,412.405029,1.0,1.0,-6.0,1.0,-2.0,92.945915,172.797806,0.800556,123.011261,159.574829,0.942658,158.383728,164.129684,0.9572200000000001,220.49383500000002,165.51915,0.961332,253.188538,160.283401,0.965934,278.3591,169.736923,0.8275620000000001,110.4384,198.975677,0.9404899999999999,134.46257,196.152557,0.968299,156.509384,198.518967,0.949463,221.957001,199.31011999999998,0.948829,243.39897200000001,196.284698,0.9660920000000001,264.866333,198.86691299999998,0.9581200000000001,60.974827000000005,289.453217,0.47956400000000005,165.057617,264.442047,0.925425,196.495239,255.22889700000002,0.984409,218.634415,264.98538199999996,0.855146,297.085754,289.121399,0.19936099999999998,151.85379,318.681244,0.9673870000000001,194.271393,316.429626,0.974432,229.51339700000003,318.152496,0.970274,193.86502099999998,393.007233,0.796059,343,6
77,77,0,24.135292,0.0,322.779144,434.32095300000003,1.0,1.0,2.0,0.0,-7.0,76.837967,169.541306,0.9017370000000001,107.159233,160.24658200000002,0.903868,142.46946699999998,165.352798,0.9157370000000001,211.442123,165.22197,0.9092600000000001,247.696335,158.870667,0.895595,279.095856,165.732361,0.8945719999999999,94.722252,195.86203,0.927025,119.672729,193.77839699999998,0.932883,142.62025500000001,196.131546,0.897127,216.07244900000003,196.592667,0.915533,240.398453,192.797043,0.9440440000000001,264.456238,194.073135,0.9408479999999999,51.019905,274.697296,0.8687590000000001,145.319031,265.630188,0.9178129999999999,176.752151,270.342712,0.978223,211.049454,265.508484,0.94571,319.866028,274.756287,1.0358969999999998,126.924637,315.02056899999997,0.9435100000000001,180.4086,324.538483,0.9727389999999999,234.392563,313.601288,0.967089,182.44790600000002,409.280029,0.706136,354,4
78,78,0,50.162094,96.926514,263.48278799999997,351.349396,0.9991639999999999,0.9999979999999999,2.0,2.0,-4.0,97.138542,245.460419,0.916588,121.026459,235.190964,0.925535,148.737595,235.433167,0.923681,202.294128,233.07394399999998,0.926588,229.11750800000002,229.51532000000003,0.9156489999999999,251.793533,235.03253199999997,0.8243729999999999,111.68706499999999,262.85598799999997,0.93019,131.102081,259.603241,0.918833,148.403519,259.239014,0.8958,207.608719,256.583252,0.862856,225.08926400000001,254.49198900000002,0.922579,242.898361,255.145981,0.9003260000000001,72.107849,337.61969,0.622943,155.485962,308.63198900000003,0.926133,182.40036,307.748657,0.985527,207.435898,306.473053,0.8904540000000001,291.565399,326.38278199999996,0.5067510000000001,142.701401,353.58850099999995,0.9726379999999999,185.533386,355.517853,0.9860969999999999,225.811417,348.601379,0.970844,190.74382,428.38858,0.9403299999999999,358,4
79,79,0,15.14083,3.128647,314.66455099999996,461.175537,1.0,1.0,-3.0,1.0,-6.0,77.866158,188.205902,0.9017860000000001,109.666878,177.16258200000001,0.937227,145.733978,181.526001,0.9435680000000001,211.783829,182.578247,0.950298,246.538239,177.181259,0.95801,274.252319,184.99028,0.923242,95.646622,213.2323,0.9266770000000001,120.09178200000001,210.81561299999998,0.940674,143.036774,212.632935,0.9020309999999999,214.794922,213.696182,0.9253809999999999,237.732742,210.756012,0.954844,260.133423,212.64657599999998,0.9598399999999999,41.691917,298.494446,0.777419,148.036346,284.627686,0.906741,182.469482,287.218842,0.9828290000000001,211.31158399999998,285.59552,0.8879969999999999,303.613251,300.619293,0.694292,128.723846,341.77435299999996,0.9307479999999999,180.567932,347.880219,0.966783,227.208725,341.30917400000004,0.953292,181.277222,438.200409,0.703581,364,7
80,80,0,24.009785,18.487501,256.603607,386.01800499999996,1.0,1.0,-3.0,2.0,-2.0,73.72600600000001,177.678619,0.96659,100.498787,166.755432,0.9540200000000001,131.462265,169.148315,0.9617120000000001,186.18421899999998,168.869034,0.980143,214.54280099999997,164.15919499999998,0.989707,236.62825,170.630539,0.960667,89.612915,197.774704,0.956109,110.13970900000001,194.895065,0.9627479999999999,129.587845,195.867096,0.935235,189.19516000000002,195.210632,0.941419,208.135681,192.47995,0.9810180000000001,226.330063,193.890717,0.9828040000000001,45.661747,274.704437,1.029491,137.357193,256.02108799999996,0.946263,167.161163,254.390579,0.999215,189.123657,255.501434,0.897015,259.25415,269.827423,0.783022,123.639191,306.292664,0.970219,165.840302,307.551453,0.9947030000000001,201.538773,304.02923599999997,0.9860559999999999,168.619507,382.655823,0.795249,366,10
81,81,0,18.997816,68.318954,323.47399900000005,393.851196,1.0,1.0,8.0,-2.0,-25.0,65.669342,218.37559500000003,0.8279059999999999,94.878395,216.946671,0.972851,127.82318899999999,225.07852200000002,0.975822,195.657181,225.012756,0.996397,231.33523599999998,216.960052,0.998864,263.915527,217.23323100000002,0.957633,82.51232900000001,243.05720499999998,0.959312,106.862305,243.461517,0.965543,129.027512,246.815598,0.970469,201.797562,247.48072799999997,0.9777870000000001,226.32542400000003,243.42099,0.9928530000000001,250.91326899999999,242.48082000000002,0.9917290000000001,45.737125,284.654144,0.125966,132.080841,318.232971,0.8846950000000001,161.36228899999998,331.489136,0.997432,197.440659,317.84249900000003,0.974733,313.130219,284.098755,0.650554,119.84461200000001,358.12554900000003,0.949628,168.715881,371.335999,0.979719,221.28675800000002,357.136627,0.995611,172.58914199999998,439.87710599999997,0.593989,367,10
82,82,0,20.735909,0.0,331.190918,353.621033,0.999999,0.999999,4.0,-8.0,2.0,91.962975,50.327873,0.7680779999999999,125.049545,39.323303,0.8372850000000001,161.38118,47.048813,0.8925049999999999,234.855652,57.242802000000005,0.957549,274.431549,58.13148100000001,0.9609559999999999,304.681396,75.33704399999999,0.944325,105.35388200000001,82.739983,0.9760780000000001,131.222382,82.473915,0.9912219999999999,155.37936399999998,86.79549399999999,0.973621,233.64077799999998,97.931686,0.98693,259.558258,98.728439,0.9993790000000001,284.385132,105.377121,1.001415,48.27924,189.14123500000002,0.301132,148.49766499999998,158.29568500000002,0.884749,181.093918,154.33410600000002,0.992906,215.069885,167.591644,0.9748459999999999,323.712555,226.544296,0.756392,123.03051,219.876556,0.9634889999999999,173.782486,227.238159,0.9755209999999999,225.57846099999998,232.605179,0.982427,162.19361899999998,325.048523,0.637324,369,10
83,83,0,26.192148,21.134497,272.938263,402.927979,1.0,1.0,-3.0,-1.0,-6.0,86.02198800000001,182.42610200000001,0.967831,115.57159399999999,173.187515,0.960842,147.98703,177.935532,0.969899,205.903091,181.639832,0.9804430000000001,236.059067,178.404648,0.990284,259.021362,185.988785,0.963515,101.60123399999999,203.584808,0.9558180000000001,123.355377,201.929306,0.96099,143.832504,204.408447,0.9353600000000001,206.972137,207.84561200000002,0.937048,226.808167,206.126831,0.9762360000000001,245.977646,208.643127,0.983725,49.222412,278.470978,0.955414,148.10763500000002,266.055939,0.947757,180.647446,269.208435,0.9894569999999999,203.784286,269.07135,0.903611,276.41149900000005,287.22573900000003,0.8045800000000001,127.52553600000002,315.008667,0.9576020000000001,174.92623899999998,322.002869,0.978563,215.481781,317.681396,0.976349,173.788574,401.255646,0.675934,370,7
84,84,0,41.413887,0.0,278.79492200000004,400.46939100000003,1.0,1.0,-1.0,2.0,-12.0,87.46257,159.68782,0.876482,116.867897,149.946732,0.947643,151.797516,156.09608500000002,0.956907,214.24971000000002,155.774811,0.9666370000000001,247.52581800000002,147.552444,0.961158,275.272247,153.045929,0.866626,105.64548500000001,185.66687,0.962047,129.454407,183.647873,0.9734430000000001,151.914673,186.800659,0.963025,216.465698,186.379105,0.963858,239.112778,181.495972,0.9829600000000001,261.35159300000004,182.440857,0.970224,64.67923,254.97297700000001,0.695187,159.392731,257.361633,0.924733,189.128265,256.132294,0.989959,213.66920499999998,256.675842,0.889336,296.97885099999996,250.95549,0.48453199999999996,147.773849,306.710266,0.9459549999999999,189.60681200000002,308.578033,0.960147,226.14004500000001,304.95144700000003,0.9529549999999999,191.35058600000002,377.476929,0.684178,374,8
85,85,0,18.5445,0.0,291.704163,294.119873,0.999999,0.999999,1.0,-1.0,-7.0,71.318001,45.552269,0.878582,100.65005500000001,37.228271,0.8856430000000001,133.420471,41.924820000000004,0.89954,196.740845,44.730431,0.8992379999999999,229.85893199999998,41.366440000000004,0.881234,257.29071,48.933040999999996,0.886294,87.211014,67.483025,0.968934,109.99144,65.94761700000001,0.973814,131.270966,68.435905,0.9578030000000001,199.608475,71.52735899999999,0.956241,221.775879,69.45515400000001,0.97105,243.03706400000002,71.767204,0.969987,42.850094,142.074493,0.730526,132.596802,130.795486,0.951702,163.777451,136.976563,0.995936,194.382004,133.336929,0.9657629999999999,285.906036,150.281479,0.86536,112.427116,178.56985500000002,0.985417,163.370148,188.64595,0.981634,212.85609399999998,180.75531,0.984936,162.848419,270.766083,0.464854,378,1
86,86,0,19.982107,0.0,323.86038199999996,410.686584,1.0,1.0,4.0,2.0,-7.0,65.967506,152.587311,0.841067,95.866013,141.704498,0.947934,132.319016,145.95275900000001,0.9588200000000001,203.69570900000002,143.386459,0.9598110000000001,240.851563,135.178406,0.949794,273.77063,141.424911,0.914948,85.41552,179.706207,0.941478,111.16242199999999,176.794388,0.955843,134.651535,178.69491599999998,0.924459,209.111206,176.41378799999998,0.9211889999999999,234.1082,171.540344,0.953493,259.228882,171.945526,0.94247,46.915797999999995,261.759125,0.529351,140.603012,247.93086200000002,0.895869,171.710556,249.55587799999998,0.986766,205.752975,245.374146,0.934159,316.252716,251.230499,0.8393229999999999,124.758781,296.950317,0.953594,177.784317,303.827362,0.97903,230.98855600000002,292.284546,0.967556,182.79451,385.640381,0.694446,384,7
87,87,0,0.0,0.0,332.924194,449.046783,1.0,1.0,-3.0,2.0,-7.0,55.907185,169.409897,0.862751,90.765732,157.513504,0.9352010000000001,131.208832,161.88253799999998,0.95294,204.8535,160.915741,0.956959,242.90509,153.553909,0.943826,274.272797,159.787903,0.894531,76.99990799999999,195.239838,0.9445790000000001,104.58535,191.979446,0.953859,130.334915,194.050568,0.9377559999999999,208.895462,192.662308,0.95086,234.724625,188.271591,0.972076,259.71047999999996,189.34788500000002,0.9720549999999999,26.271103000000004,283.354156,0.551987,140.175171,270.058044,0.92399,177.525589,269.9617,0.986593,207.673477,268.628296,0.92885,305.046631,274.858948,0.742843,123.136398,329.190582,0.947031,177.940094,332.65777599999996,0.968308,226.53143300000002,325.463867,0.973922,182.05071999999998,422.183807,0.703707,393,5
88,88,0,0.0,0.0,332.290741,472.749878,1.0,1.0,-10.0,-6.0,-7.0,83.935211,182.720947,0.8726200000000001,125.360497,175.95036299999998,0.96449,168.083176,189.75311299999998,0.965298,242.309906,201.73126200000002,0.68416,280.347809,198.189026,0.43796199999999996,304.428558,208.34436000000002,0.014738,101.514595,216.10911600000003,1.0137180000000001,131.011612,218.131744,1.014313,158.283188,225.740677,1.027727,234.98948700000003,236.788406,0.8905379999999999,259.79003900000004,235.27595499999998,0.8489,284.557373,240.117615,0.596823,25.806658,287.184387,0.24027199999999999,159.841049,304.529114,0.9971049999999999,203.614624,308.119965,1.009874,226.374954,313.912262,0.72769,293.832489,323.500671,-0.013456000000000001,131.536957,355.431793,0.9950190000000001,187.688553,366.58667,0.988843,230.47586099999998,366.401947,0.929592,175.25233500000002,445.76809699999995,0.8479969999999999,406,7
89,89,0,50.905651,41.877117,301.109131,391.626221,0.999999,0.999999,-3.0,12.0,-11.0,93.619804,225.4328,0.891724,122.63723799999998,214.738052,0.954609,157.824203,213.89849900000002,0.958672,222.93811000000002,202.61758400000002,0.97126,254.396973,190.794205,0.979341,282.932587,189.665192,0.953571,114.214378,243.94455,0.9379360000000001,138.518875,239.02125499999997,0.944161,161.016556,237.32945299999997,0.9302239999999999,230.416351,225.73260499999998,0.951885,252.23365800000002,218.670395,0.959269,274.616882,215.07724,0.9694889999999999,76.312943,307.586151,0.6055659999999999,178.257584,298.649811,0.942884,210.82730099999998,297.865295,0.995257,237.99032599999998,288.8526,0.9415479999999999,326.950958,265.465057,0.456507,170.31601,345.619812,0.9630219999999999,218.470123,344.07962000000003,0.9844360000000001,260.151642,329.17034900000004,0.9796229999999999,231.91574100000003,411.336212,0.873892,421,9
90,90,0,14.598451,10.177748,300.54766800000004,409.149689,1.0,1.0,2.0,-11.0,-14.0,81.16216999999999,165.464478,1.016476,113.359329,164.57865900000002,1.016248,146.033798,177.100708,1.006738,211.74992400000002,189.40916399999998,0.995812,247.238678,188.428635,0.9957950000000001,275.170654,197.387878,0.971844,93.655991,192.658966,1.013134,117.74115800000001,195.76623500000002,0.996733,139.8004,202.554169,1.000476,209.597305,215.556427,0.998658,233.15727200000003,215.834183,0.995915,255.96299700000003,220.36071800000002,1.003599,39.631382,244.11814900000002,0.468095,132.875473,268.824341,0.967108,163.787903,281.24884,0.9994569999999999,194.280823,279.263489,0.9788819999999999,289.960693,288.00412,0.679303,107.59432199999999,307.511017,0.9990479999999999,156.106552,325.643463,0.989535,206.288528,322.679443,0.993994,144.692932,396.168457,0.749383,431,8
91,91,0,50.82206,16.111439,251.75134300000002,350.393829,0.999999,0.999999,-5.0,0.0,-4.0,101.038628,158.528595,0.948916,127.71919299999999,148.339645,0.932135,157.911606,151.788879,0.9385469999999999,213.73298599999998,153.762482,0.925492,241.549866,150.326538,0.9124030000000001,263.228271,157.61009199999998,0.8192280000000001,115.760582,180.155899,0.9547459999999999,136.699615,178.26899699999998,0.9582860000000001,155.976761,180.1465,0.9354709999999999,214.97398399999997,181.471848,0.924011,233.58869900000002,179.458267,0.9518620000000001,251.89775099999997,181.33673100000001,0.933167,72.530823,253.13256800000002,0.978018,163.497452,234.921021,0.9567469999999999,191.566544,230.19017000000002,0.9783370000000001,211.72825600000002,236.00134300000002,0.873287,281.660431,253.871567,0.562279,150.876266,280.794067,0.877446,189.37171899999998,281.029602,0.873835,221.88067599999997,281.125916,0.86216,189.238205,346.67202799999995,0.553012,431,9
92,92,0,30.50008,77.10977199999999,299.8349,407.852295,1.0,1.0,2.0,1.0,-17.0,71.019447,239.19720499999997,0.940483,102.364029,234.02418500000002,0.975483,139.383865,241.916458,0.990549,209.91835,241.053848,0.994661,246.98986800000003,231.021088,0.988092,279.546204,232.7836,0.987259,90.72599,263.99267599999996,0.974039,116.480225,262.902008,0.973167,141.01937900000001,267.071503,0.9638549999999999,212.69245899999999,266.63824500000004,0.97793,238.70536800000002,260.496735,0.98077,263.598206,260.17431600000003,0.992167,55.47364399999999,314.21875,0.812501,145.75061000000002,339.462067,0.963816,178.287766,351.34390299999995,0.9938459999999999,210.34930400000002,337.946198,0.974815,305.20929,309.729645,0.912043,127.83757800000001,379.615906,0.976766,181.42001299999998,392.528748,0.983908,232.982727,376.71225,0.999376,185.47612,461.87652599999996,0.756459,435,9
93,93,0,39.618342999999996,0.0,289.67913799999997,319.85784900000004,1.0,1.0,1.0,1.0,-6.0,89.50185400000001,60.866135,0.9400430000000001,118.11282299999999,49.921177,0.894956,151.094971,52.211452,0.897727,213.44114700000003,52.331688,0.8896149999999999,246.235489,48.33123,0.875244,273.541656,55.880188000000004,0.900227,106.36367800000001,81.57047299999999,0.9799209999999999,128.671616,78.481064,0.9719760000000001,149.896423,79.50106,0.951724,217.89033500000002,79.87831899999999,0.9676879999999999,240.00125099999997,77.265694,0.981107,260.64859,79.15763100000001,0.9897540000000001,63.75520699999999,165.113892,0.8779629999999999,153.995834,144.672272,0.9554459999999999,185.120667,148.320663,0.9990690000000001,214.940277,145.024582,0.965232,305.12384,163.891693,0.8586940000000001,136.411255,199.905273,0.977504,186.164719,206.04724099999999,0.980693,233.369263,198.459045,0.9892209999999999,188.58746299999999,295.173615,0.713604,442,2
94,94,0,26.439474,0.0,311.374146,305.628876,0.9999979999999999,0.9999979999999999,-1.0,-1.0,-5.0,83.326874,45.939396,0.680962,115.306358,35.066829999999996,0.683845,151.421783,39.82592,0.760836,223.210953,43.237091,0.811008,258.490356,39.810604,0.77809,286.560944,49.080673,0.756135,100.259041,73.577217,0.9394389999999999,125.893639,71.931549,0.9841200000000001,149.65055800000002,74.640511,0.9847790000000001,224.68536400000002,77.787888,0.9798620000000001,248.835892,75.67955,0.989974,272.018158,78.26374100000001,0.9632780000000001,52.423542,161.334396,0.542074,154.708603,141.021805,0.9673450000000001,188.71347,139.311996,0.999732,217.880157,143.520447,0.933466,311.86908,168.15535,0.449431,135.623734,193.928482,0.964498,186.60613999999998,198.98152199999998,0.965814,233.48317000000003,196.289124,0.977342,185.684952,281.03231800000003,0.799707,445,6
95,95,0,53.551476,0.0,280.81774900000005,277.278442,0.9999969999999999,0.9999969999999999,-2.0,7.0,-27.0,97.434273,66.682243,0.8987930000000001,126.277588,62.053107999999995,0.964073,159.081467,65.67021899999999,0.962275,219.76043700000002,60.239777000000004,0.9565600000000001,250.623367,50.078266,0.9353020000000001,278.378876,48.008385,0.859651,115.036201,85.137123,0.970385,137.750107,82.997345,0.9693139999999999,159.45668,83.986717,0.975577,224.7435,78.678894,0.9819479999999999,246.832016,72.742714,0.969095,268.370026,70.522217,0.9628110000000001,77.08356500000001,127.542473,0.383285,169.936691,150.942429,0.937517,200.51856999999998,156.923279,0.9960600000000001,226.920227,145.97216799999998,0.9311379999999999,310.979614,108.433273,0.25461300000000003,161.29873700000002,194.04402199999998,0.9849549999999999,203.814758,196.854172,0.9867530000000001,241.65594500000003,185.966202,0.9942280000000001,210.11319,256.435699,0.691361,447,3
96,96,0,0.0,0.0,355.38088999999997,524.741455,1.0,1.0,-2.0,6.0,-7.0,31.435146000000003,216.23812900000001,0.716055,67.396248,198.798035,0.9108200000000001,112.908875,200.26083400000002,0.950119,197.865036,191.976089,0.9541219999999999,240.76931800000003,179.808594,0.939632,278.154877,185.898743,0.892634,57.377968,245.03794900000003,0.91584,88.158989,238.86480699999998,0.96696,116.933273,239.22589100000002,0.9262540000000001,204.99006699999998,230.868927,0.946735,234.44920299999998,222.993515,0.9585,263.195129,222.24432400000003,0.9591059999999999,12.860136,353.09432999999996,0.5494859999999999,130.12854,319.933502,0.911617,171.48731999999998,321.535339,0.982089,209.400253,312.00824,0.910668,324.24264500000004,319.845917,0.761591,108.33901200000001,381.211151,0.966067,179.122269,387.79586800000004,0.9790629999999999,243.621002,367.22985800000004,0.975614,191.619629,493.383942,0.6458020000000001,451,2
97,97,0,34.868469,8.150927000000001,308.099731,420.94488499999994,1.0,1.0,3.0,-1.0,-27.0,85.927544,170.492889,0.909069,117.895523,167.00299099999998,1.000474,154.326889,176.727646,0.9900200000000001,223.323456,178.645264,0.976642,259.88088999999997,169.79501299999998,0.963256,290.79888900000003,172.159592,0.8157310000000001,104.111,196.40962199999998,1.008707,129.47245800000002,196.338806,0.9982120000000001,153.622864,201.398056,1.007541,225.16339100000002,203.84883100000002,1.008337,250.428131,198.639343,1.010468,274.783661,199.16488600000002,1.001593,60.51415600000001,244.506439,0.18791300000000002,155.43583700000002,276.801605,0.9342889999999999,189.392731,291.986145,0.994343,221.65402200000003,277.623138,0.9252870000000001,316.971039,250.690323,0.208483,134.610794,316.28952000000004,0.9915889999999999,189.723679,332.619995,0.9781639999999999,242.867371,316.96051,1.0049709999999998,190.231537,405.269196,0.203206,451,5
98,98,0,0.0,0.0,330.618866,477.672607,1.0,1.0,-11.0,-1.0,8.0,80.258011,173.20462,0.768347,116.66951,155.66468799999998,0.890083,156.88104199999998,159.301727,0.940349,229.07893399999998,165.239136,0.9880129999999999,265.293793,164.220322,0.9969389999999999,289.664368,180.179993,0.918487,97.74233199999999,203.486984,0.9536629999999999,125.012794,200.397339,0.9843430000000001,149.814102,202.578476,0.9554739999999999,228.24295,207.872574,0.9729639999999999,251.38302599999997,207.232742,0.997201,274.06280499999997,212.316391,1.00657,22.684753,325.937408,0.650799,155.462845,272.07232700000003,0.9527329999999999,198.55110200000001,265.19766200000004,0.992554,224.62277200000003,276.65142799999995,0.903026,302.62484700000005,339.315002,0.45437700000000003,126.052879,336.769409,0.9631350000000001,188.046143,341.270721,0.9770540000000001,238.20793199999997,340.809845,0.976677,184.109344,448.39917,0.741815,455,4
99,99,0,39.874252,14.289984,309.167847,399.99176,1.0,1.0,6.0,-3.0,-20.0,87.99182900000001,168.744858,0.8382360000000001,117.872231,165.234955,0.9492879999999999,151.772583,174.11178600000002,0.942699,221.57011400000002,177.35110500000002,0.8844920000000001,258.007965,170.835205,0.8108529999999999,289.421021,175.23675500000002,0.665116,104.546959,195.96246299999999,0.955566,129.438568,196.57106000000002,0.958103,152.318893,201.060211,0.952809,223.879852,204.938065,0.9356959999999999,248.919327,201.572586,0.941543,273.62982200000005,202.65833999999998,0.8753770000000001,65.521156,248.558624,0.21161999999999997,153.635696,272.447388,0.900701,182.329529,279.243713,0.9848299999999999,214.518692,274.88903799999997,0.9121290000000001,321.990204,260.444031,0.42226099999999994,139.445557,315.72607400000004,0.9587530000000001,184.332642,325.378418,0.9612229999999999,230.664032,319.400208,0.951997,183.834274,391.64111299999996,0.42907799999999996,456,7
100,100,0,44.173458000000004,13.566604000000002,303.676361,432.98904400000004,1.0,1.0,8.0,7.0,-8.0,75.427452,207.416534,0.887391,101.498154,195.661652,0.9444940000000001,135.132004,196.455627,0.947102,199.406418,187.603546,0.94889,233.66668700000002,176.963776,0.939282,266.261169,179.612564,0.928815,95.276627,230.40004,0.9443600000000001,118.60314199999999,225.57884199999998,0.9507030000000001,140.281036,225.066467,0.924059,209.156052,216.658081,0.914959,232.730408,210.30883799999998,0.955411,256.315216,208.652527,0.942332,69.276237,309.461884,0.622149,151.056274,293.642395,0.8892899999999999,177.17971799999998,290.321472,0.9870549999999999,210.16079700000003,286.39447,0.937398,320.304047,278.817383,0.945226,145.200989,346.361176,0.9398920000000001,189.00874299999998,345.038849,0.9699979999999999,233.526566,335.15820299999996,0.957852,201.39260900000002,422.04727199999996,0.581592,462,6
101,101,0,26.520256,0.0,329.184418,435.52243,1.0,1.0,0.0,1.0,-8.0,82.88707,168.67706299999998,0.888717,115.70418500000001,159.673233,0.8910450000000001,152.856354,164.227112,0.9105719999999999,224.85845899999998,164.84451299999998,0.909388,261.943115,159.308456,0.893548,293.480774,165.509415,0.884186,101.796021,192.34986899999998,0.901756,127.805008,190.23066699999998,0.915874,151.84094199999998,192.352753,0.8748100000000001,228.772781,193.104141,0.8980379999999999,253.78949,189.887146,0.924767,278.073517,191.175919,0.922035,53.952290000000005,269.356018,0.937465,156.525589,261.572998,0.9108280000000001,191.336929,268.577728,0.978498,224.80094900000003,262.019135,0.9240079999999999,328.272644,269.941742,0.899446,135.85339399999998,313.251831,0.935375,192.560486,323.15979,0.9735280000000001,247.041779,311.963562,0.9619639999999999,194.666046,410.412079,0.8659819999999999,463,7
102,102,0,36.302803000000004,10.203365,314.08752400000003,433.111145,1.0,1.0,3.0,0.0,-7.0,89.447212,182.53100600000002,0.831593,119.519814,173.646622,0.8576469999999999,153.825424,178.087906,0.881568,219.74382000000003,179.397842,0.881389,255.17593399999998,174.820969,0.85908,285.705414,181.957169,0.837936,106.47833999999999,205.983063,0.871192,130.474518,203.92134099999998,0.8922760000000001,152.674622,205.88382,0.845253,224.552979,207.486221,0.848165,248.15348799999998,205.145721,0.896877,271.284729,207.040771,0.8766309999999999,62.446903000000006,285.986359,0.82778,155.969803,274.950562,0.8559120000000001,186.00028999999998,276.847595,0.962625,218.12042200000002,276.335175,0.883767,323.887909,290.089691,0.845902,140.39856,329.345215,0.91125,187.972961,334.543884,0.9583790000000001,235.639069,330.099152,0.92625,188.800995,418.79925499999996,0.6612100000000001,463,8
103,103,0,45.797607,0.0,282.40673799999996,276.582703,0.9999979999999999,0.9999979999999999,2.0,0.0,-5.0,92.206467,44.062351,0.795334,120.61743899999999,34.292732,0.8801450000000001,153.077347,37.098724,0.906006,215.39631699999998,38.075489000000005,0.89705,248.001465,34.587574,0.869908,275.434418,41.886143,0.809473,108.387215,64.913322,0.9431149999999999,131.01937900000001,62.444576,0.9775469999999999,151.99293500000002,63.819401,0.9611790000000001,219.214066,64.662529,0.9364469999999999,241.174789,62.762066000000004,0.9620920000000001,262.324371,64.743774,0.9396680000000001,69.319565,145.173004,0.491066,157.430573,124.60044099999999,0.919017,185.87158200000002,121.33164199999999,0.9897040000000001,213.509323,125.54144299999999,0.9147709999999999,304.539124,145.830719,0.590331,144.64536999999999,177.202271,0.962515,186.746353,177.892593,0.965598,226.836777,177.348267,0.9562870000000001,187.86123700000002,254.55635099999998,0.43500600000000006,466,2
104,104,0,36.172218,0.0,271.015808,279.891602,0.9999969999999999,0.9999969999999999,1.0,-1.0,-5.0,82.44004100000001,45.456672999999995,0.709771,109.55776999999999,35.906109,0.70218,140.479034,39.51828,0.754015,200.309143,41.23019,0.794475,231.624588,37.877483000000005,0.786737,257.686554,45.75452,0.849875,97.308975,68.019897,0.925701,118.91413100000001,66.044937,0.961042,139.233688,67.892967,0.945458,203.594147,69.69899699999999,0.960944,224.8918,67.74260699999999,0.9838620000000001,245.12319900000003,69.98625899999999,0.980791,58.754002,145.738724,0.6254350000000001,143.329697,129.70150800000002,0.923307,170.807877,127.389389,0.996726,197.46456899999998,131.34451299999998,0.9615370000000001,284.571838,149.679276,0.859891,130.400513,180.81497199999998,0.973195,171.235489,182.753494,0.998667,210.163956,181.993637,1.007534,171.527466,257.71109,0.6728109999999999,469,9
105,105,0,1.323641,34.561459,333.052704,461.76611299999996,1.0,1.0,-4.0,1.0,-17.0,67.396408,219.45370499999999,0.702113,101.816307,210.365814,0.915926,140.95510900000002,217.826706,0.9399719999999999,212.269577,217.92898599999998,0.945435,249.022598,208.818253,0.9303819999999999,278.700348,213.85992400000003,0.736984,86.810799,248.89427200000003,0.886639,113.778732,247.45004300000002,0.9303170000000001,138.935852,250.93093900000002,0.9078579999999999,213.861252,251.00997900000002,0.943888,238.52223199999997,245.81375099999997,0.9554590000000001,263.426178,246.381363,0.935103,29.69652,321.475769,0.24617399999999998,144.796432,328.238953,0.8987209999999999,181.847397,333.404449,0.9821290000000001,211.29110699999998,327.771057,0.852498,306.67819199999997,320.460571,0.14516099999999998,123.808159,378.636963,0.911711,179.638138,387.802063,0.9501629999999999,228.867798,376.392914,0.941154,180.663925,470.19036900000003,0.615139,470,4
106,106,0,36.853371,3.612937,254.731598,385.511536,1.0,1.0,1.0,2.0,4.0,70.058784,167.10325600000002,0.936335,96.508186,152.954483,0.9454440000000001,129.677292,155.071579,0.963816,192.68293799999998,154.240555,0.987108,225.054337,149.093521,0.982875,251.84767200000002,158.532181,0.9802360000000001,87.493088,190.68327299999999,0.9669610000000001,109.941452,187.059906,0.9735860000000001,131.49646,188.53315700000002,0.957151,194.753174,187.301041,0.9722799999999999,216.913132,183.739807,0.9897799999999999,238.070694,185.78903200000002,0.994567,58.07830799999999,278.94534300000004,1.1525530000000002,138.84993,246.458969,0.9762770000000001,165.30206299999998,237.671783,0.996865,190.120697,245.34056099999998,0.963723,270.327698,271.768799,0.8988719999999999,126.97918700000001,297.203308,0.9777870000000001,167.46813999999998,295.230164,0.981251,204.571945,294.417786,0.9912,170.27844199999998,367.303497,0.85995,471,9
107,107,0,18.782,0.0,330.194641,455.339722,1.0,1.0,-1.0,2.0,-14.0,72.468422,174.091644,0.9152549999999999,106.752144,165.42216499999998,0.936435,146.34758,170.764893,0.9440879999999999,217.23516800000002,169.613419,0.9557680000000001,255.778,161.105286,0.9548270000000001,288.617767,164.579422,0.920458,93.231842,197.803177,0.937443,119.941971,195.30603,0.942592,145.5112,197.613464,0.921427,222.312958,196.408478,0.9323469999999999,248.596268,191.736542,0.9656319999999999,273.933655,192.032928,0.958181,46.336632,270.99127200000004,0.8239040000000001,153.46348600000002,280.177185,0.919164,189.21546899999998,285.03463700000003,0.9891979999999999,221.03155499999997,279.09381099999996,0.901565,321.46392799999995,264.15976,0.836601,139.745651,339.665741,0.9489040000000001,190.77565,343.505585,0.978993,236.842194,336.371857,0.963441,194.996094,428.591125,0.741123,498,10
